ModelID,ModelName,MakeID,MakeName
55775,1600GT,1,Toyota
52691,4Runner,1,Toyota
54743,86,1,Toyota
3401,Allex,1,Toyota
4413,Allion,1,Toyota
52200,Alphard,1,Toyota
4485,Alphard G,1,Toyota
4714,Alphard Hybrid,1,Toyota
4486,Alphard V,1,Toyota
31,Altezza,1,Toyota
3453,Altezza Gita,1,Toyota
54460,AQUA,1,Toyota
52,Aristo,1,Toyota
6770,Auris,1,Toyota
625,Avalon,1,Toyota
4988,Avensis,1,Toyota
53571,Avensis Wagon,1,Toyota
50000,Aygo,1,Toyota
3211,bB,1,Toyota
6113,Belta,1,Toyota
6808,Blade,1,Toyota
3347,Blizzard,1,Toyota
3445,Brevis,1,Toyota
26,Caldina,1,Toyota
3333,Caldina Van,1,Toyota
70,Cami,1,Toyota
54119,Camroad,1,Toyota
36,Camry,1,Toyota
37,Camry Gracia,1,Toyota
60403,Camry Hybrid,1,Toyota
52697,Camry Solara,1,Toyota
20,Carina,1,Toyota
633,Carina ED,1,Toyota
3960,Carina Surf,1,Toyota
3332,Carina Van,1,Toyota
79,Cavalier,1,Toyota
30,Celica,1,Toyota
4722,Celica XX,1,Toyota
53,Celsior,1,Toyota
54,Century,1,Toyota
35,Chaser,1,Toyota
60547,C-HR,1,Toyota
4723,Classic,1,Toyota
4740,Coaster,1,Toyota
4744,Coaster Big Van,1,Toyota
4743,Coaster R,1,Toyota
4725,Comfort,1,Toyota
51057,Corolla Altis,1,Toyota
6739,Corolla Axio,1,Toyota
644,Corolla Ceres,1,Toyota
3246,Corolla Fielder,1,Toyota
642,Corolla FX,1,Toyota
639,Corolla II,1,Toyota
14,Corolla Levin,1,Toyota
7358,Corolla Rumion,1,Toyota
3402,Corolla Runx,1,Toyota
11,Corolla Sedan,1,Toyota
13,Corolla Spacio,1,Toyota
61649,Corolla Sports,1,Toyota
12,Corolla Touring Wagon,1,Toyota
3334,Corolla Van,1,Toyota
50001,Corolla Verso,1,Toyota
645,Corolla Wagon,1,Toyota
62002,CorollaCross,1,Toyota
664,Corona,1,Toyota
3979,Corona Coupe,1,Toyota
667,Corona Exiv,1,Toyota
24,Corona Premio,1,Toyota
3982,Corona Sf,1,Toyota
3336,Corona Van,1,Toyota
661,Corsa,1,Toyota
50002,Cressida,1,Toyota
34,Cresta,1,Toyota
648,Crown,1,Toyota
552,Crown Athlete Series,1,Toyota
4724,Crown Comfort,1,Toyota
622,Crown Estate,1,Toyota
650,Crown Hardtop,1,Toyota
51025,Crown Hybrid,1,Toyota
51,Crown Majesta,1,Toyota
553,Crown Royal Series,1,Toyota
48,Crown Sedan,1,Toyota
654,Crown Station Wagon,1,Toyota
3335,Crown Van,1,Toyota
636,Curren,1,Toyota
669,Cynos,1,Toyota
3342,Deliboy,1,Toyota
1,Duet,1,Toyota
60404,Dyna,1,Toyota
4731,Dyna Root Van,1,Toyota
3339,Dyna Truck,1,Toyota
4737,Dyna Urban Supporter,1,Toyota
3338,Dyna Van,1,Toyota
50003,Echo,1,Toyota
59014,Esquire,1,Toyota
67,Estima,1,Toyota
69,Estima Emina,1,Toyota
3447,Estima Hybrid,1,Toyota
1279,Estima L,1,Toyota
68,Estima Lucida,1,Toyota
1280,Estima T,1,Toyota
50004,FJ Cruiser,1,Toyota
55391,Forklift,1,Toyota
51055,Fortuner,1,Toyota
560,Fun Cargo,1,Toyota
57,Gaia,1,Toyota
4727,Gracia Wagon,1,Toyota
554,Grand Hiace,1,Toyota
66,Granvia,1,Toyota
71,Harrier,1,Toyota
5651,Harrier Hybrid,1,Toyota
53792,Hiace,1,Toyota
4741,Hiace Commuter,1,Toyota
56218,Hiace Regius,1,Toyota
3345,Hiace Truck,1,Toyota
3344,Hiace Van,1,Toyota
63,Hiace Wagon,1,Toyota
50005,Highlander,1,Toyota
697,Hilux,1,Toyota
60409,Hilux Revo,1,Toyota
699,Hilux Sports Pickup,1,Toyota
73,Hilux Surf,1,Toyota
3346,Hilux Surf Van,1,Toyota
50006,Hilux SW4,1,Toyota
3351,Hilux Truck,1,Toyota
60416,Himedic,1,Toyota
56,Ipsum,1,Toyota
8044,IQ,1,Toyota
5359,Isis,1,Toyota
4481,IST,1,Toyota
61993,JPN TAXI,1,Toyota
50007,Kijang,1,Toyota
5650,Kluger Hybrid,1,Toyota
4978,Kluger L,1,Toyota
3312,Kluger V,1,Toyota
75,Land Cruiser,1,Toyota
61551,Land Cruiser Amazon,1,Toyota
565,Land Cruiser Cygnus,1,Toyota
74,Land Cruiser Prado,1,Toyota
709,Landcruiser 70,1,Toyota
712,Landcruiser 80,1,Toyota
60637,Liteace,1,Toyota
59,Liteace Noah,1,Toyota
3349,Liteace Truck,1,Toyota
3350,Liteace Van,1,Toyota
708,Liteace Wagon,1,Toyota
7038,LS,1,Toyota
562,Mark II,1,Toyota
4430,Mark II Blit,1,Toyota
33,Mark II Qualis,1,Toyota
3348,Mark II Van,1,Toyota
706,Mark II Wagon,1,Toyota
5464,Mark X,1,Toyota
7341,Mark X Zio,1,Toyota
713,Masterace Surf,1,Toyota
50008,Matrix,1,Toyota
707,Megacruiser,1,Toyota
59078,Mirai,1,Toyota
623,MR2,1,Toyota
595,MR-S,1,Toyota
62005,MX-30,1,Toyota
55,Nadia,1,Toyota
4183,Noah,1,Toyota
3227,OPA,1,Toyota
3236,Origin,1,Toyota
5126,Passo,1,Toyota
8187,Passo Sette,1,Toyota
51023,Picnic,1,Toyota
55783,PIXIS EPOCH,1,Toyota
60380,PIXIS JOY,1,Toyota
59525,PIXIS MEGA,1,Toyota
54332,PIXIS SPACE,1,Toyota
55183,PIXIS TRUCK,1,Toyota
54929,PIXIS VAN,1,Toyota
561,Platz,1,Toyota
5242,Porte,1,Toyota
52120,Prado,1,Toyota
4412,Premio,1,Toyota
50009,Previa,1,Toyota
19,Prius,1,Toyota
54849,Prius PHV,1,Toyota
52589,PRIUS Î±,1,Toyota
5009,Probox,1,Toyota
4738,Probox Van,1,Toyota
4728,Probox Wagon,1,Toyota
40,Progres,1,Toyota
3219,Pronard,1,Toyota
4742,Publica,1,Toyota
4734,Quick Delivery,1,Toyota
5929,Ractis,1,Toyota
61994,Raize,1,Toyota
9,Raum,1,Toyota
6105,RAV4,1,Toyota
72,RAV4 J,1,Toyota
563,RAV4 L,1,Toyota
4732,Regius Van,1,Toyota
566,Regius Wagon,1,Toyota
56904,Regiusace,1,Toyota
4733,Regiusace Van,1,Toyota
60528,Roomy,1,Toyota
6312,Rush,1,Toyota
52954,S800,1,Toyota
8535,SAI,1,Toyota
683,Scepter,1,Toyota
4726,Scepter Wagon,1,Toyota
50010,Scion 4Runner,1,Toyota
50011,Scion TC,1,Toyota
50012,Scion XA,1,Toyota
50013,Scion XB,1,Toyota
50014,Scion XD,1,Toyota
50015,Sequoia,1,Toyota
684,Sera,1,Toyota
50016,Sienna,1,Toyota
4984,Sienta,1,Toyota
47,Soarer,1,Toyota
56254,SPADE,1,Toyota
3268,Sparky,1,Toyota
60417,Sports 800,1,Toyota
60719,Sprinter,1,Toyota
17,Sprinter Carib,1,Toyota
676,Sprinter Cielo,1,Toyota
682,Sprinter Marino,1,Toyota
15,Sprinter Sedan,1,Toyota
16,Sprinter Trueno,1,Toyota
3337,Sprinter Van,1,Toyota
678,Sprinter Wagon,1,Toyota
672,Starlet,1,Toyota
4730,Starlet Van,1,Toyota
56008,Stout,1,Toyota
5010,Succeed,1,Toyota
4739,Succeed Van,1,Toyota
4729,Succeed Wagon,1,Toyota
42,Supra,1,Toyota
50017,T100,1,Toyota
50018,Tacoma,1,Toyota
60530,Tank,1,Toyota
691,Tercel,1,Toyota
556,Touring Hiace,1,Toyota
61,Townace Noah,1,Toyota
3340,Townace Truck,1,Toyota
3341,Townace Van,1,Toyota
694,Townace Wagon,1,Toyota
3343,Toyoace,1,Toyota
4735,Toyoace Root Van,1,Toyota
4736,Toyoace Urban Supporter,1,Toyota
714,Toyota Others,1,Toyota
50019,Tundra,1,Toyota
7317,Vanguard,1,Toyota
7894,Vellfire,1,Toyota
3456,Verossa,1,Toyota
50020,Vios,1,Toyota
559,Vista Ardeo,1,Toyota
558,Vista Sedan,1,Toyota
2,Vitz,1,Toyota
4520,Voltz,1,Toyota
4182,Voxy,1,Toyota
4567,Will Cypha,1,Toyota
1284,Will Vi,1,Toyota
3421,Will VS,1,Toyota
39,Windom,1,Toyota
4623,Wish,1,Toyota
50021,Yaris,1,Toyota
62003,Yaris Cross,1,Toyota
50022,Zace,1,Toyota
717,180SX,2,Nissan
50023,200SX,2,Nissan
50024,240SX,2,Nissan
50025,280ZX,2,Nissan
50026,300ZX,2,Nissan
50027,350Z,2,Nissan
56285,AD,2,Nissan
54919,AD EXPERT,2,Nissan
3371,Ad Max Van,2,Nissan
718,Ad Max Wagon,2,Nissan
3372,Ad Van,2,Nissan
719,Ad Wagon,2,Nissan
50028,Almera,2,Nissan
50029,Altima,2,Nissan
50030,Armada,2,Nissan
3373,Atlas,2,Nissan
4764,Atlas Loco,2,Nissan
4747,Auster,2,Nissan
88,Avenir,2,Nissan
4756,Avenir Salut,2,Nissan
3370,Avenircargo,2,Nissan
596,Bassara,2,Nissan
720,Be-1,2,Nissan
51047,Big Thumb,2,Nissan
134,Bluebird,2,Nissan
3247,Bluebird Sylphy,2,Nissan
4759,Bluebird Van,2,Nissan
4755,Bluebird Wagon,2,Nissan
7158,Caraban Silkroad,2,Nissan
60405,Caravan,2,Nissan
4765,Caravan Bus,2,Nissan
726,Caravan Coach,2,Nissan
4268,Caravan Elgrand,2,Nissan
3375,Caravan Van,2,Nissan
60720,Cedric,2,Nissan
4265,Cedric Cima,2,Nissan
111,Cedric Hardtop,2,Nissan
110,Cedric Sedan,2,Nissan
3380,Cedric Van,2,Nissan
755,Cedric Wagon,2,Nissan
114,Cefiro,2,Nissan
115,Cefiro Wagon,2,Nissan
50031,Chasis Largo,2,Nissan
105,Cima,2,Nissan
4767,Civilian Bus,2,Nissan
4769,Clipper,2,Nissan
7078,Clipper Rio,2,Nissan
4979,Clipper Truck,2,Nissan
4980,Clipper Van,2,Nissan
3377,Condor,2,Nissan
97,Crew,2,Nissan
95,Cube,2,Nissan
4956,Cube Cubic,2,Nissan
60713,Datsun,2,Nissan
759,Datsun Pickup,2,Nissan
4762,Datsun Van,2,Nissan
57543,DAYZ,2,Nissan
58415,DAYZ ROOX,2,Nissan
50032,Doble Cabina,2,Nissan
7044,Dualis,2,Nissan
3382,Dutsun Truck,2,Nissan
567,Elgrand,2,Nissan
58760,e-NV200,2,Nissan
725,Escargo,2,Nissan
50033,Estacas Largo,2,Nissan
4753,EXA,2,Nissan
3374,Expert,2,Nissan
50034,Fairlady,2,Nissan
130,Fairlady Z,2,Nissan
3294,Figaro,2,Nissan
50035,Frontier,2,Nissan
5397,Fuga,2,Nissan
9259,FUGA HYBRID,2,Nissan
4745,Gazelle,2,Nissan
4263,Gloria Cima,2,Nissan
99,Gloria Hardtop,2,Nissan
3376,Gloria Van,2,Nissan
3409,Gloria Wagon,2,Nissan
729,Gloria(sedan),2,Nissan
4768,Homer,2,Nissan
4766,Homy Bus,2,Nissan
779,Homy Coach,2,Nissan
4267,Homy Elgrand,2,Nissan
3385,Homy Van,2,Nissan
762,Hyper Mini,2,Nissan
723,Infinity Q45,2,Nissan
8864,Juke,2,Nissan
50036,King-Cab,2,Nissan
8104,KIX,2,Nissan
51048,Kuon,2,Nissan
5543,Lafesta,2,Nissan
4748,Langley,2,Nissan
783,Largo,2,Nissan
4763,Largo Van,2,Nissan
56661,Latio,2,Nissan
152,Laurel,2,Nissan
4749,Laurel Spirit,2,Nissan
9320,Leaf,2,Nissan
786,Leopard,2,Nissan
788,Leopard Jferee,2,Nissan
4752,Liberta Villa,2,Nissan
3429,Liberty,2,Nissan
784,Lucino,2,Nissan
785,Lucino S-RV,2,Nissan
143,March,2,Nissan
4757,March Box,2,Nissan
781,Maxima,2,Nissan
50037,Micra,2,Nissan
7051,Micrac C+C,2,Nissan
782,Mistral,2,Nissan
4469,Moco,2,Nissan
5297,Murano,2,Nissan
50038,Navara,2,Nissan
7442,Nissan GT-R,2,Nissan
1221,Nissan Others,2,Nissan
5572,Note,2,Nissan
57149,NT100Clipper,2,Nissan
55364,NV100Clipper,2,Nissan
60593,NV150 AD,2,Nissan
8393,NV200 VANETTE,2,Nissan
56004,NV350 Caravan,2,Nissan
721,NX Coupe,2,Nissan
5728,Otti,2,Nissan
763,PAO,2,Nissan
50039,Pathfinder,2,Nissan
52703,Patrol,2,Nissan
50040,Patrol GR,2,Nissan
50041,Pickup,2,Nissan
6850,Pino,2,Nissan
774,Prairie,2,Nissan
137,Prairie Liberty,2,Nissan
4761,Prairie Van,2,Nissan
776,Prairiejoy,2,Nissan
138,Presage,2,Nissan
140,Presea,2,Nissan
139,President,2,Nissan
4261,President JS,2,Nissan
131,Primera,2,Nissan
770,Primera Camino,2,Nissan
771,Primera Camino Wagon,2,Nissan
769,Primera UK,2,Nissan
132,Primera Wagon,2,Nissan
125,Pulsar,2,Nissan
127,Pulsar Serie,2,Nissan
128,Pulsar Serie S-RV,2,Nissan
4760,Pulsar Van,2,Nissan
60753,Qashqai,2,Nissan
727,Quest,2,Nissan
146,Rasheen,2,Nissan
149,Rnessa,2,Nissan
50042,Rogue,2,Nissan
8615,ROOX,2,Nissan
104,Safari,2,Nissan
3369,Safari Van,2,Nissan
50043,Sentra,2,Nissan
116,Serena,2,Nissan
3381,Serena Van,2,Nissan
106,Silvia,2,Nissan
107,Skyline,2,Nissan
4602,Skyline Coupe,2,Nissan
8432,SKYLINE CROSSOVER,2,Nissan
108,Skyline GT-R,2,Nissan
4758,Skyline Van,2,Nissan
4754,Skyline Wagon,2,Nissan
109,Stagea,2,Nissan
4746,Stanza,2,Nissan
102,Sunny,2,Nissan
738,Sunny California,2,Nissan
3378,Sunny Truck,2,Nissan
3379,Sunny Van,2,Nissan
56821,SYLPHY,2,Nissan
4625,Teana,2,Nissan
119,Terrano,2,Nissan
120,Terrano Regulus,2,Nissan
5364,Tiida,2,Nissan
5452,Tiida Latio,2,Nissan
118,Tino,2,Nissan
50044,Titan,2,Nissan
50045,Tsubame,2,Nissan
50046,Tsuru,2,Nissan
51049,Ud,2,Nissan
50047,Urvan,2,Nissan
55190,Vanette,2,Nissan
716,Vanette Serena,2,Nissan
3383,Vanette Truck,2,Nissan
3384,Vanette Van,2,Nissan
764,Venette Largo Coach,2,Nissan
50048,Versa,2,Nissan
4750,Violet,2,Nissan
4751,Violet Liberta,2,Nissan
90,Wingroad,2,Nissan
50049,Xterra,2,Nissan
3287,X-Trail,2,Nissan
59360,X-Trail Hybrid,2,Nissan
165,Accord,3,Honda
3872,Accord Coupe,3,Honda
57591,Accord Hybrid,3,Honda
55627,Accord Inspire,3,Honda
8156,Accord Tourer,3,Honda
167,Accord Wagon,3,Honda
3295,Acty,3,Honda
4778,Acty Truck,3,Honda
51050,Acty Van,3,Honda
5659,Airwave,3,Honda
1122,Ascot,3,Honda
1124,Ascot Inova,3,Honda
568,Avancier,3,Honda
4771,Ballade,3,Honda
1140,Beat,3,Honda
176,Capa,3,Honda
1131,City,3,Honda
4775,City Pro,3,Honda
178,Civic,3,Honda
4773,Civic Country,3,Honda
3880,Civic Coupe,3,Honda
180,Civic Ferio,3,Honda
4652,Civic Gx,3,Honda
4387,Civic Hybrid,3,Honda
3353,Civic Pro,3,Honda
3883,Civic Shuttle,3,Honda
7662,Civic Type R,3,Honda
4774,Civic Van,3,Honda
1130,Concert,3,Honda
1129,Crossroad,3,Honda
154,CR-V,3,Honda
1117,CR-X,3,Honda
1118,CR-X Delsol,3,Honda
8747,CR-Z,3,Honda
184,Domani,3,Honda
5185,Edix,3,Honda
4676,Element,3,Honda
5100,Elysion,3,Honda
3451,Fit,3,Honda
4598,Fit Aria,3,Honda
9074,Fit Hybrid,3,Honda
9458,Fit shuttle,3,Honda
53686,FIT SHUTTLE HYBRID,3,Honda
7917,Freed,3,Honda
8945,Freed Spike,3,Honda
60420,Freed+,3,Honda
50050,FR-V,3,Honda
59516,Grace,3,Honda
1222,Honda Others,3,Honda
1145,Horizon,3,Honda
157,HR-V,3,Honda
588,Insight,3,Honda
170,Inspire,3,Honda
172,Integra,3,Honda
173,Integra SJ,3,Honda
59225,Jade,3,Honda
61572,Jade Hybrid,3,Honda
1135,Jazz,3,Honda
192,Lagreat,3,Honda
194,Legend,3,Honda
3893,Legend Coupe,3,Honda
191,Life,3,Honda
4772,Life Dunk,3,Honda
195,Logo,3,Honda
4643,MDX,3,Honda
4411,Mobilio,3,Honda
4540,Mobilio Spike,3,Honda
54572,N BOX,3,Honda
55916,N BOX+,3,Honda
52337,N360,3,Honda
56535,N-ONE,3,Honda
158,NSX,3,Honda
62006,N-VAN,3,Honda
58155,N-WGN,3,Honda
174,Odyssey,3,Honda
59966,Odyssey Hybrid,3,Honda
175,Orthia,3,Honda
3354,Partner,3,Honda
50051,Passport,3,Honda
50052,Pilot,3,Honda
189,Prelude,3,Honda
53264,Prelude Inx,3,Honda
4770,Quint,3,Honda
1147,Rafaga,3,Honda
50053,Ridgeline,3,Honda
159,S2000,3,Honda
52956,S600,3,Honda
58200,S660,3,Honda
52957,S800,3,Honda
182,Saber,3,Honda
59396,Shuttle,3,Honda
59430,SHUTTLE HYBRID,3,Honda
160,S-MX,3,Honda
4776,Step Van,3,Honda
181,Step WGN,3,Honda
60512,Step WGN Modulo X,3,Honda
3291,Stream,3,Honda
3904,Street,3,Honda
4455,Thats,3,Honda
60419,TN-7,3,Honda
1137,Today,3,Honda
185,Torneo,3,Honda
186,Vamos,3,Honda
4679,Vamos Hobio,3,Honda
4777,Vamos Hobio Pro,3,Honda
58244,VEZEL,3,Honda
1141,Vigar,3,Honda
161,Z,3,Honda
6402,Zest,3,Honda
8479,ZEST SPARK,3,Honda
50057,3000GT,4,Mitsubishi
51035,Aero Midi,4,Mitsubishi
3448,Airtrek,4,Mitsubishi
200,Aspire,4,Mitsubishi
822,Bravo,4,Mitsubishi
3362,Canter,4,Mitsubishi
51031,Canter Guts,4,Mitsubishi
801,Carisma,4,Mitsubishi
4806,Celeste,4,Mitsubishi
212,Challenger,4,Mitsubishi
810,Chariot,4,Mitsubishi
208,Chariot Grandis,4,Mitsubishi
4575,Colt,4,Mitsubishi
7665,Colt Ralliart Version R,4,Mitsubishi
5421,Coltplus,4,Mitsubishi
4803,Cordia,4,Mitsubishi
216,Debonair,4,Mitsubishi
817,Debonair V,4,Mitsubishi
52121,Delica,4,Mitsubishi
4814,Delica Cargo,4,Mitsubishi
9423,Delica D2,4,Mitsubishi
54393,Delica D3,4,Mitsubishi
6864,Delica D5,4,Mitsubishi
62004,DELICA MINI,4,Mitsubishi
219,Delica Spacegear,4,Mitsubishi
818,Delica Starwagon,4,Mitsubishi
3365,Delica Truck,4,Mitsubishi
3364,Delica Van,4,Mitsubishi
214,Diamante Sedan,4,Mitsubishi
215,Diamante Wagon,4,Mitsubishi
619,Dignity,4,Mitsubishi
229,Dingo,4,Mitsubishi
1286,Dion,4,Mitsubishi
795,Eclipse,4,Mitsubishi
61405,Eclipsecross,4,Mitsubishi
5422,Eclipsespyder,4,Mitsubishi
5121,eK Active,4,Mitsubishi
4690,eK Classy,4,Mitsubishi
57546,eK Custom,4,Mitsubishi
58416,eK SPACE,4,Mitsubishi
4528,eK Sport,4,Mitsubishi
3835,eK Wagon,4,Mitsubishi
800,Emeroad,4,Mitsubishi
50058,Endeavor,4,Mitsubishi
796,Eterna,4,Mitsubishi
799,Eterna Sava,4,Mitsubishi
4811,Eterna Van,4,Mitsubishi
50059,Expo LRV,4,Mitsubishi
3367,Fighter,4,Mitsubishi
51037,Fighter Mignon,4,Mitsubishi
4817,Forte,4,Mitsubishi
50060,Freeca,4,Mitsubishi
197,FTO,4,Mitsubishi
206,Galant,4,Mitsubishi
7308,Galant Fortis,4,Mitsubishi
8158,Galant Fortis Sportback,4,Mitsubishi
4801,Galant Lambda,4,Mitsubishi
60413,Galant Sigma,4,Mitsubishi
3847,Galant Sports,4,Mitsubishi
53428,Galant-GTO,4,Mitsubishi
4686,Grandis,4,Mitsubishi
51032,Great,4,Mitsubishi
50061,Grunder,4,Mitsubishi
198,GTO,4,Mitsubishi
6349,i,4,Mitsubishi
8373,i-MiEV,4,Mitsubishi
805,Jeep,4,Mitsubishi
50062,L200,4,Mitsubishi
51058,L300,4,Mitsubishi
230,Lancer,4,Mitsubishi
4815,Lancer Cargo,4,Mitsubishi
3225,Lancer Cedia,4,Mitsubishi
3311,Lancer Cedia Wagon,4,Mitsubishi
4173,Lancer Evolution,4,Mitsubishi
5664,Lancer Evolution IX,4,Mitsubishi
6665,Lancer Evolution IX MR,4,Mitsubishi
3403,Lancer Evolution VII,4,Mitsubishi
4629,Lancer Evolution VIII,4,Mitsubishi
5080,Lancer Evolution VIII MR,4,Mitsubishi
5905,Lancer Evolution Wagon,4,Mitsubishi
6666,Lancer Evolution Wagon MR,4,Mitsubishi
7346,Lancer Evolution X,4,Mitsubishi
4804,Lancer Ex,4,Mitsubishi
4805,Lancer Fiore,4,Mitsubishi
4812,Lancer Van,4,Mitsubishi
3852,Lancer Wagon,4,Mitsubishi
232,Legnum,4,Mitsubishi
231,Libero,4,Mitsubishi
3368,Libero Van,4,Mitsubishi
50063,Magic,4,Mitsubishi
4809,Magna Station Wagon,4,Mitsubishi
227,Minica,4,Mitsubishi
4807,Minica Econo,4,Mitsubishi
827,Minica Toppo,4,Mitsubishi
59151,Minicab MiEV Truck,4,Mitsubishi
4816,Minicab Truck,4,Mitsubishi
51125,Minicab Van,4,Mitsubishi
829,Mirage,4,Mitsubishi
572,Mirage Asti,4,Mitsubishi
571,Mirage Hatchback,4,Mitsubishi
228,Mirage Sedan,4,Mitsubishi
4813,Mirage Van,4,Mitsubishi
4179,Mirage Wagon,4,Mitsubishi
1223,Mitsubishi Others,4,Mitsubishi
50064,Montero,4,Mitsubishi
51056,Nativa,4,Mitsubishi
5952,Outlander,4,Mitsubishi
56890,OUTLANDER PHEV,4,Mitsubishi
222,Pajero,4,Mitsubishi
223,Pajero iO,4,Mitsubishi
821,Pajero Jr,4,Mitsubishi
225,Pajero Mini,4,Mitsubishi
50065,Pajero Pinin,4,Mitsubishi
50066,Pajero TR4,4,Mitsubishi
3366,Pajero Van,4,Mitsubishi
4808,Pistachio,4,Mitsubishi
50067,Precis,4,Mitsubishi
620,Proudia,4,Mitsubishi
50068,Raider,4,Mitsubishi
51034,Rosa,4,Mitsubishi
199,RVR,4,Mitsubishi
50069,Saving,4,Mitsubishi
50070,Shogun,4,Mitsubishi
50071,Shogun Pinin,4,Mitsubishi
50072,Shogun Sport,4,Mitsubishi
808,Sigma,4,Mitsubishi
4810,Sigma Van,4,Mitsubishi
50073,Space Gear,4,Mitsubishi
52170,Space Star,4,Mitsubishi
50075,Space Wagon,4,Mitsubishi
812,Starion,4,Mitsubishi
813,Strada,4,Mitsubishi
51033,Super Great,4,Mitsubishi
8003,Toppo,4,Mitsubishi
220,Toppo Bj,4,Mitsubishi
221,Toppo Bj Wide,4,Mitsubishi
211,Town Box,4,Mitsubishi
570,Town Box Wide,4,Mitsubishi
4802,Tredia,4,Mitsubishi
6718,Triton,4,Mitsubishi
50076,Varica,4,Mitsubishi
50077,Veryca,4,Mitsubishi
50078,Zinger,4,Mitsubishi
50079,323,5,Mazda
50080,626,5,Mazda
50081,929,5,Mazda
4483,Atenza,5,Mazda
55153,Atenza Sport,5,Mazda
56786,Atenza Wagon,5,Mazda
4996,Axela,5,Mazda
58028,Axela Hybrid,5,Mazda
60710,Axela Sport,5,Mazda
1164,AZ-1,5,Mazda
1165,AZ-3,5,Mazda
235,AZ-Offroad,5,Mazda
236,AZ-Wagon,5,Mazda
7938,Biante,5,Mazda
60714,Bongo,5,Mazda
3361,Bongo Brawny Truck,5,Mazda
3360,Bongo Brawny Van,5,Mazda
1187,Bongo Bronee Wagon,5,Mazda
260,Bongo Friendee,5,Mazda
3358,Bongo Truck,5,Mazda
3359,Bongo Van,5,Mazda
1188,Bongo Wagon,5,Mazda
50082,B-Series,5,Mazda
244,Capella,5,Mazda
4266,Capella Cargo,5,Mazda
245,Capella Wagon,5,Mazda
3355,Capera Cargo Van,5,Mazda
246,Carol,5,Mazda
56759,Carol Eco,5,Mazda
4122,Clef,5,Mazda
4779,Cosmo,5,Mazda
1176,Cronos,5,Mazda
59147,CX-3,5,Mazda
53018,CX-5,5,Mazda
6803,CX-7,5,Mazda
61161,CX-8,5,Mazda
50083,CX-9,5,Mazda
253,Demio,5,Mazda
1168,Enfini MS-6,5,Mazda
1169,Enfini MS-8,5,Mazda
1170,Enfini MS-9,5,Mazda
1171,Enfini RX-7,5,Mazda
4780,Etude,5,Mazda
1192,Eunos 500,5,Mazda
1193,Eunos 800,5,Mazda
1194,Eunos Cagowagon,5,Mazda
4790,Eunos Cargo Truck,5,Mazda
4789,Eunos Cargo Van,5,Mazda
1195,Eunos Cosmo,5,Mazda
4788,Eunos Others,5,Mazda
1196,Eunos Prreso,5,Mazda
1197,Eunos Roadster,5,Mazda
1190,Eunos100,5,Mazda
1191,Eunos300,5,Mazda
254,Familia,5,Mazda
569,Familia S-Wagon,5,Mazda
3357,Familia Van,5,Mazda
4781,Familia Wagon,5,Mazda
56696,Flair,5,Mazda
58329,Flair Crossover,5,Mazda
56068,Flair Wagon,5,Mazda
50084,GLC,5,Mazda
1198,Lantis,5,Mazda
272,Laputa,5,Mazda
4127,Luce,5,Mazda
4783,Luce Van,5,Mazda
1224,Mazda Others,5,Mazda
50085,Mazda2,5,Mazda
50086,Mazda3,5,Mazda
50087,Mazda5,5,Mazda
50088,Mazda6,5,Mazda
50089,Miata MX-5,5,Mazda
263,Millenia,5,Mazda
237,MPV,5,Mazda
50090,MX-3,5,Mazda
50091,MX-5,5,Mazda
1167,MX-6,5,Mazda
50092,Navajo,5,Mazda
4786,Parkway,5,Mazda
1186,Persona,5,Mazda
4785,Porter Cab,5,Mazda
255,Premacy,5,Mazda
4129,Proceed,5,Mazda
258,Proceed Levante,5,Mazda
1185,Proceed Marvie,5,Mazda
50093,Protege,5,Mazda
1199,Review,5,Mazda
276,Roadster,5,Mazda
239,RX-7,5,Mazda
4669,RX-8,5,Mazda
1177,Savanna RX-7,5,Mazda
1178,Scrum,5,Mazda
54829,Scrum Truck,5,Mazda
4784,Scrum Van,5,Mazda
3228,Scrum Wagon,5,Mazda
252,Sentia,5,Mazda
1180,Spectron,5,Mazda
4457,Spiano,5,Mazda
3356,Titan,5,Mazda
4787,Titan Dash,5,Mazda
3292,Tribute,5,Mazda
5177,Verisa,5,Mazda
60401,360,6,Subaru
4092,Alcyone,6,Subaru
1200,Alcyone SVX,6,Subaru
50094,B9 Tribeca,6,Subaru
50095,Baja,6,Subaru
4093,Bighorn,6,Subaru
50096,Brat,6,Subaru
54088,BRZ,6,Subaru
60600,Chiffon,6,Subaru
8110,DEX,6,Subaru
598,Dias Wagon,6,Subaru
1203,Domingo,6,Subaru
7928,Exiga,6,Subaru
59379,Exiga Crossover 7,6,Subaru
295,Forester,6,Subaru
4571,Impreza,6,Subaru
8113,IMPREZA ANESIS,6,Subaru
550,Impreza Hardtop Sedan,6,Subaru
4097,Impreza Retna,6,Subaru
59505,Impreza Sports Hybrid,6,Subaru
291,Impreza Sportswagon,6,Subaru
3239,Impreza Wrx,6,Subaru
7414,Impreza Wrx Sti,6,Subaru
57619,IMPREZA XV HYBRID,6,Subaru
8877,IMPREZA_XV,6,Subaru
1278,Justy,6,Subaru
1206,Legacy,6,Subaru
298,Legacy B4,6,Subaru
54095,Legacy Lancaster,6,Subaru
299,Legacy Touring Wagon,6,Subaru
1205,Leone,6,Subaru
4820,Leone Touring Wagon,6,Subaru
3330,Leone Van,6,Subaru
58238,Levorg,6,Subaru
8810,Lucra,6,Subaru
5090,Outback,6,Subaru
296,Pleo,6,Subaru
53895,Pleo Nesta,6,Subaru
5561,R1,6,Subaru
5031,R2,6,Subaru
1208,REX,6,Subaru
4819,Rex Combi,6,Subaru
1202,Sambar,6,Subaru
60770,Sambar Dias,6,Subaru
55407,Sambar Truck,6,Subaru
6610,Stella,6,Subaru
1225,Subaru Others,6,Subaru
3461,Traviq,6,Subaru
9300,TREZIA,6,Subaru
1201,Vivio,6,Subaru
57138,Vivio Bistro,6,Subaru
60771,WRX,6,Subaru
58876,WRX S4,6,Subaru
54070,WRX STI,6,Subaru
50097,XT,6,Subaru
3400,Aerio,7,Suzuki
318,Alto,7,Suzuki
4158,Alto Works,7,Suzuki
50098,Baleno,7,Suzuki
1213,Cappuccino,7,Suzuki
1216,Cara,7,Suzuki
4842,Carry Truck,7,Suzuki
4840,Carry Van,7,Suzuki
4834,Cervo,7,Suzuki
60415,Cervo Classic,7,Suzuki
1218,Cervo Mode,7,Suzuki
55126,Chevrrolet Cruse,7,Suzuki
590,Cultus,7,Suzuki
4264,Cultus Crescent,7,Suzuki
4836,Cultus Crescent Wagon,7,Suzuki
4839,Cultus Van,7,Suzuki
4837,Cultus Wagon,7,Suzuki
319,Escudo,7,Suzuki
4467,Every,7,Suzuki
3440,Every Landy,7,Suzuki
320,Every Plus,7,Suzuki
321,Every Wagon,7,Suzuki
50099,Forenza,7,Suzuki
4835,Fronte,7,Suzuki
3321,Grand Escudo,7,Suzuki
50100,Grand Vitara,7,Suzuki
58281,Hustler,7,Suzuki
50101,Ignis,7,Suzuki
325,Jimny,7,Suzuki
4838,Jimny L,7,Suzuki
4166,Jimny Sierra,7,Suzuki
327,Jimny Wide,7,Suzuki
316,Kei,7,Suzuki
8543,Kizashi,7,Suzuki
6859,Landy,7,Suzuki
4429,Lapin,7,Suzuki
50102,Liana,7,Suzuki
4841,Mighty Boy,7,Suzuki
4184,MR Wagon,7,Suzuki
7742,Palette,7,Suzuki
50103,Reno,7,Suzuki
50104,Samurai,7,Suzuki
50105,Sidekick,7,Suzuki
9334,Solio,7,Suzuki
60734,Solio Bandit,7,Suzuki
57158,Spacia,7,Suzuki
8046,Splash,7,Suzuki
61595,Super Carry,7,Suzuki
1226,Suzuki Others,7,Suzuki
1285,Swift,7,Suzuki
6619,SX4,7,Suzuki
7282,SX4 Sedan,7,Suzuki
4618,Twin,7,Suzuki
50106,Verona,7,Suzuki
50107,Vitara,7,Suzuki
331,Wagon R,7,Suzuki
332,Wagon R Plus,7,Suzuki
56235,Wagon R RR,7,Suzuki
3318,Wagon R Solio,7,Suzuki
9109,Wagon R Stingray,7,Suzuki
1215,Wagon R Wide,7,Suzuki
1209,X-90,7,Suzuki
61330,XBEE,7,Suzuki
50108,XL7,7,Suzuki
3217,Altis,8,Daihatsu
336,Applause,8,Daihatsu
4466,Atrai,8,Daihatsu
3232,Atrai 7,8,Daihatsu
349,Atrai Wagon,8,Daihatsu
6313,Be-Go,8,Daihatsu
5128,Boon,8,Daihatsu
8185,BOON LUMINOUS,8,Daihatsu
60402,Cast,8,Daihatsu
334,Charade,8,Daihatsu
4824,Charade Van,8,Daihatsu
4821,Charmant,8,Daihatsu
60686,Compagno,8,Daihatsu
6503,Coo,8,Daihatsu
4501,Copen,8,Daihatsu
4823,Cuore,8,Daihatsu
1227,Daihatsu Others,8,Daihatsu
4833,Delta Truck,8,Daihatsu
4828,Delta Van,8,Daihatsu
339,Delta Wagon,8,Daihatsu
4827,Delta Wide Van,8,Daihatsu
1109,Deltawide-Wagon,8,Daihatsu
6142,Esse,8,Daihatsu
7660,Esse Custom,8,Daihatsu
4832,Hicab Truck,8,Daihatsu
4826,Hicab Van,8,Daihatsu
60731,Hijet,8,Daihatsu
60237,Hijet Caddie,8,Daihatsu
4829,Hijet Cargo,8,Daihatsu
4830,Hijet Grancargo,8,Daihatsu
4831,Hijet Truck,8,Daihatsu
4825,Hijet Van,8,Daihatsu
3831,MAX,8,Daihatsu
57320,Mebius,8,Daihatsu
1111,Midgetii,8,Daihatsu
342,Mira,8,Daihatsu
4605,Mira Avy,8,Daihatsu
8459,MIRA COCOA,8,Daihatsu
4822,Mira Cuore,8,Daihatsu
7661,Mira Custom,8,Daihatsu
54300,Mira Es,8,Daihatsu
4522,Mira Gino1000,8,Daihatsu
61644,Mira Tocot,8,Daihatsu
5527,Miragino,8,Daihatsu
347,Move,8,Daihatsu
60388,Move Canbus,8,Daihatsu
7987,Move Conte,8,Daihatsu
7988,Move Conte Custom,8,Daihatsu
6381,Move Custom,8,Daihatsu
5570,Move Latte,8,Daihatsu
599,Naked,8,Daihatsu
346,Opti,8,Daihatsu
337,Pyzar,8,Daihatsu
1115,Resa,8,Daihatsu
1116,Rocky,8,Daihatsu
3331,Rugger,8,Daihatsu
50109,Sirion,8,Daihatsu
6612,Sonica,8,Daihatsu
335,Storia,8,Daihatsu
58579,Taft,8,Daihatsu
8624,Tant Exe,8,Daihatsu
8625,Tant Exe Custom,8,Daihatsu
5027,Tanto,8,Daihatsu
6380,Tanto Custom,8,Daihatsu
338,Terios,8,Daihatsu
348,Terios Kid,8,Daihatsu
4419,Terios Lucia,8,Daihatsu
50110,Trevis,8,Daihatsu
59036,WAKE,8,Daihatsu
3245,YRV,8,Daihatsu
4843,117 Coupe,9,Isuzu
50111,Amigo,9,Isuzu
50112,Ascender,9,Isuzu
304,Aska,9,Isuzu
1151,Aska CX,9,Isuzu
50113,Axiom,9,Isuzu
61995,begin,9,Isuzu
4845,Bellet,9,Isuzu
310,Bighorn,9,Isuzu
3328,Bighorn Van,9,Isuzu
4851,Como,9,Isuzu
4857,Como Microbus,9,Isuzu
4846,Como Wagon,9,Isuzu
61996,cubic,9,Isuzu
50114,D-Max,9,Isuzu
59016,Elf,9,Isuzu
3327,Elf Truck,9,Isuzu
4850,Elf Ut,9,Isuzu
3326,Elf Van,9,Isuzu
61997,erga mio,9,Isuzu
4856,Fargo Bus,9,Isuzu
311,Fargo Filly,9,Isuzu
4853,Fargo Truck,9,Isuzu
3329,Fargo Van,9,Isuzu
1161,Fargo Wagon,9,Isuzu
4854,Faster,9,Isuzu
617,Filly,9,Isuzu
4844,Florian,9,Isuzu
52235,FORWARD,9,Isuzu
61998,gala mio,9,Isuzu
4847,Geminett,9,Isuzu
4848,Geminett II,9,Isuzu
306,Gemini,9,Isuzu
53353,GIGA,9,Isuzu
4849,Hipack,9,Isuzu
50115,Hombre,9,Isuzu
50116,I-280,9,Isuzu
50117,I-290,9,Isuzu
50118,I-350,9,Isuzu
50119,I-370,9,Isuzu
50120,I-Mark,9,Isuzu
50121,Impulse,9,Isuzu
1228,Isuzu Others,9,Isuzu
57394,isuzu810,9,Isuzu
4855,Journey Bus,9,Isuzu
51028,Juston,9,Isuzu
313,MU,9,Isuzu
50122,Oasis,9,Isuzu
1157,Pa Nero,9,Isuzu
1155,Piazza,9,Isuzu
60724,Piazza Nero,9,Isuzu
4852,Rodeo,9,Isuzu
50123,Rodeo Sport,9,Isuzu
50124,Stylus,9,Isuzu
61999,super cruiser,9,Isuzu
50125,Trooper,9,Isuzu
1158,Vehicross,9,Isuzu
305,Wizard,9,Isuzu
592,Galue,10,Mitsuoka
7761,Galue 204,10,Mitsuoka
7029,GALUE CONVERTIBLE,10,Mitsuoka
8261,GALUE LIMOUSINE S50,10,Mitsuoka
3313,Galue-I,10,Mitsuoka
621,Galue-II,10,Mitsuoka
8292,HIMIKO,10,Mitsuoka
4861,Le Seyde,10,Mitsuoka
4862,Microcar,10,Mitsuoka
1229,Mitsuoka Others,10,Mitsuoka
5096,Nouera,10,Mitsuoka
6736,Orochi,10,Mitsuoka
612,RAY,10,Mitsuoka
613,Ryoga,10,Mitsuoka
58758,Ryugi,10,Mitsuoka
614,Viewt,10,Mitsuoka
3315,Yuga,10,Mitsuoka
1275,Zero 1,10,Mitsuoka
1986,2000GT Convertible,11,GM
4402,6000STE,11,GM
1999,Bonneville,11,GM
4918,Buick Others,11,GM
5042,Cadillac,11,GM
4894,Cadillac Others,11,GM
4895,Chevrolet Others,11,GM
50205,Corsa,11,GM
1996,Firebird,11,GM
50206,GEO Metro,11,GM
50207,GEO Prizm,11,GM
50208,GEO Spectrum,11,GM
50209,GEO Storm,11,GM
50210,GEO Tracker,11,GM
1230,GM Others,11,GM
1988,Grand AM,11,GM
4919,Le Sabre,11,GM
4932,Oldsmobil Cutlass,11,GM
1872,Oldsmobile,11,GM
50211,Oldsmobile Alero,11,GM
50212,Oldsmobile Bravada,11,GM
50213,Oldsmobile Silhouette,11,GM
1972,Park Avenue,11,GM
4917,Pontiac Others,11,GM
1979,Regal,11,GM
4896,Shevy VAN,11,GM
1998,Transam,11,GM
52653,200,12,Chrysler
50238,300,12,Chrysler
5635,300C,12,Chrysler
3230,300M,12,Chrysler
2003,Acclaim,12,Chrysler
50239,Aspen,12,Chrysler
52167,Avenger,12,Chrysler
50240,Berlingo,12,Chrysler
50241,C1,12,Chrysler
50242,C8,12,Chrysler
50243,Caravan,12,Chrysler
52168,Charger,12,Chrysler
1231,Chrysler Others,12,Chrysler
50244,Cirrus,12,Chrysler
50245,Concorde,12,Chrysler
50246,Conquest,12,Chrysler
50247,Cordoba,12,Chrysler
5065,Crossfire,12,Chrysler
50248,Cruiser,12,Chrysler
2047,Daytona,12,Chrysler
52119,Dodge JC,12,Chrysler
50249,E Class,12,Chrysler
4902,Eagle Others,12,Chrysler
50250,Executive,12,Chrysler
50251,Fifth Avenue,12,Chrysler
50252,Grand Caravan,12,Chrysler
575,Grand Voyager,12,Chrysler
50253,Intrepid,12,Chrysler
50254,Jumper,12,Chrysler
50255,Lebaron,12,Chrysler
50256,LHS,12,Chrysler
356,Neon,12,Chrysler
2050,New Yorker,12,Chrysler
50257,Pacifica,12,Chrysler
50258,Plymouth Caravelle,12,Chrysler
50259,Plymouth Colt,12,Chrysler
50260,Plymouth Conquest,12,Chrysler
50261,Plymouth Gran Fury,12,Chrysler
50262,Plymouth Horizon,12,Chrysler
50263,Plymouth Laser,12,Chrysler
50264,Plymouth Neon,12,Chrysler
4903,Plymouth Others,12,Chrysler
50265,Plymouth Prowler,12,Chrysler
50266,Plymouth Reliant,12,Chrysler
50267,Plymouth Sapporo,12,Chrysler
50268,Plymouth Scamp,12,Chrysler
50269,Plymouth Sundance,12,Chrysler
50270,Plymouth Voyager,12,Chrysler
50271,Plymouth_Acclaim,12,Chrysler
50272,Plymouth_Breeze,12,Chrysler
2062,Premia,12,Chrysler
50273,Prowler,12,Chrysler
3231,PT Cruiser,12,Chrysler
5240,PT Cruiser Cabrio,12,Chrysler
59625,Renegade,12,Chrysler
2068,Rubaron,12,Chrysler
50274,Sebring,12,Chrysler
2044,Stratos,12,Chrysler
50275,Town & Country,12,Chrysler
2058,Vision,12,Chrysler
359,Voyager,12,Chrysler
55522,Ypsilon,12,Chrysler
50320,Aura,13,Saturn
50321,ION,13,Saturn
50322,L-Series,13,Saturn
50323,Outlook,13,Saturn
50324,Relay,13,Saturn
50325,S,13,Saturn
1232,Saturn Others,13,Saturn
577,SC2 Coupe,13,Saturn
50326,Sky,13,Saturn
578,SL2 Sedan,13,Saturn
579,SW2 Wagon,13,Saturn
50327,Vue,13,Saturn
1233,Starcraft Others,14,Starcraft
50328,Aerostar,16,Ford
50329,Aspire,16,Ford
2103,Bronco,16,Ford
50330,Cargo,16,Ford
50331,Club Wagon,16,Ford
50332,Contour,16,Ford
370,Cougar,16,Ford
50333,Courier,16,Ford
50334,Crown Victoria,16,Ford
51130,E350,16,Ford
50335,Econoline,16,Ford
50336,Ecosports,16,Ford
50337,Edge,16,Ford
50338,Endaevour,16,Ford
3320,Escape,16,Ford
50339,Escort,16,Ford
50340,Excursion,16,Ford
372,Expedition,16,Ford
366,Explorer,16,Ford
7140,Explorer Sport Trac,16,Ford
50341,F12000,16,Ford
50342,F14000,16,Ford
3352,F150,16,Ford
50343,F16000,16,Ford
50344,F250,16,Ford
50345,F350,16,Ford
50346,F4000,16,Ford
51131,F800,16,Ford
50347,Fairmont,16,Ford
1271,Festiva,16,Ford
286,Festiva Mini Wagon,16,Ford
5095,Fiesta,16,Ford
50348,Five Hundred,16,Ford
52647,Flex,16,Ford
3212,Focus,16,Ford
6502,Focus C Max,16,Ford
9720,Focus Wagon,16,Ford
1235,Ford Others,16,Ford
287,Freda,16,Ford
50349,Freestar,16,Ford
50350,Freestyle,16,Ford
50351,Fusion,16,Ford
365,Galaxy,16,Ford
371,Grand Marquis,16,Ford
50352,GT,16,Ford
50353,Ikon,16,Ford
281,Ixion,16,Ford
362,Ka,16,Ford
9261,Kuga,16,Ford
1273,Laser,16,Ford
288,Laser Lidea,16,Ford
52118,LINCOLN MKX,16,Ford
50354,Lobo,16,Ford
50355,Maverick,16,Ford
4899,Mercury Others,16,Ford
363,Mondeo,16,Ford
367,Mustang,16,Ford
2100,Probe,16,Ford
50356,Puma,16,Ford
50357,Ranger,16,Ford
2129,Sable,16,Ford
50359,S-Max,16,Ford
4312,Spectron,16,Ford
50360,StreetKa,16,Ford
364,Taurus,16,Ford
582,Telstar,16,Ford
1269,Telstar Sedan,16,Ford
1270,Telstar Wagon,16,Ford
50361,Tempo,16,Ford
2084,Thunderbird,16,Ford
50362,Tourrneo,16,Ford
50363,Transit,16,Ford
50364,Transit Connect,16,Ford
50365,Windstar,16,Ford
50366,ZX2,16,Ford
4319,Cerbera,17,TVR
4317,Chimaera,17,TVR
4318,Griffith,17,TVR
6348,Sagaris,17,TVR
4964,T350C,17,TVR
4963,Tamora,17,TVR
4962,Tuscan,17,TVR
52131,TVR Others,17,TVR
1237,Aston Martin Others,18,Aston Martin
410,DB7,18,Aston Martin
6160,DB9,18,Aston Martin
7703,DBS,18,Aston Martin
50382,Lagonda,18,Aston Martin
50383,V12 Vanquish,18,Aston Martin
411,V8,18,Aston Martin
6721,V8 Vantage,18,Aston Martin
412,Vantage,18,Aston Martin
50384,Virage,18,Aston Martin
2220,Daimler,19,Jaguar
61431,E-Pace,19,Jaguar
4981,E-Type,19,Jaguar
61290,F-Pace,19,Jaguar
60577,F-Type,19,Jaguar
1238,Jaguar Others,19,Jaguar
2210,Sovereign,19,Jaguar
403,S-Type,19,Jaguar
50385,Vanden Plas,19,Jaguar
58963,XE,19,Jaguar
7569,XF,19,Jaguar
404,XJ Series,19,Jaguar
2196,XJ-S,19,Jaguar
405,XK Series,19,Jaguar
60636,XKR,19,Jaguar
3446,X-Type,19,Jaguar
50386,Camargue,20,Rolls-Royce
50387,Corniche,20,Rolls-Royce
8583,GHOST,20,Rolls-Royce
6067,Phantom,20,Rolls-Royce
7985,Phantom Coupe,20,Rolls-Royce
51026,Phantom Drophead Coupe,20,Rolls-Royce
407,Rolls-Royce Lineup,20,Rolls-Royce
1239,Rolls-Royce Others,20,Rolls-Royce
50388,Silver Seraph,20,Rolls-Royce
50389,Silver Spirit,20,Rolls-Royce
50390,Silver Spur,20,Rolls-Royce
6422,Arnage,21,Bentley
6723,Azure,21,Bentley
408,Bentley Lineup,21,Bentley
1240,Bentley Others,21,Bentley
7554,Brooklands,21,Bentley
6426,Continental Flying Spur,21,Bentley
6425,Continental GT,21,Bentley
6763,Continental GTC,21,Bentley
8775,Mulsanne,21,Bentley
2253,114,22,Rover
394,200 Series,22,Rover
2266,216,22,Rover
50391,25,22,Rover
395,400 Series,22,Rover
50392,45,22,Rover
2279,600 Series,22,Rover
603,75,22,Rover
4705,75 Saloon,22,Rover
4706,75 Tourer,22,Rover
2286,800 Series,22,Rover
399,Cabriolet,22,Rover
50393,CityRover,22,Rover
2332,Defender,22,Rover
400,Discovery,22,Rover
2297,GSI Estate,22,Rover
50394,MG TF,22,Rover
50395,MG ZR,22,Rover
50396,MG ZT,22,Rover
393,MGF,22,Rover
2307,MG-RV8,22,Rover
392,Mini,22,Rover
50397,R75,22,Rover
401,Range Rover,22,Rover
1241,Rover Others,22,Rover
50398,Streetwise,22,Rover
398,Tourer,22,Rover
5355,1 Series,23,BMW
58964,2 Series,23,BMW
425,3 Series,23,BMW
6972,3 Series Cabrioret,23,BMW
57564,3 Series Gran Turismo,23,BMW
58461,4 Series,23,BMW
426,5 Series,23,BMW
2366,6 Series,23,BMW
427,7 Series,23,BMW
428,8 Series,23,BMW
1242,BMW Others,23,BMW
4863,Hartge,23,BMW
58196,i3,23,BMW
58195,i8,23,BMW
61513,i8 Roadster,23,BMW
2388,M Model,23,BMW
55496,MINI,23,BMW
55499,MINI Checkmate,23,BMW
55500,MINI Clubman,23,BMW
54069,MINI Cooper,23,BMW
55767,MINI Other,23,BMW
55498,MINI Park Lane,23,BMW
55497,MINI Seven,23,BMW
8618,Series 5 Gran Turismo,23,BMW
8814,X1,23,BMW
61517,X2,23,BMW
5147,X3,23,BMW
58881,X4,23,BMW
3286,X5,23,BMW
7962,X6,23,BMW
62000,X7,23,BMW
424,Z3,23,BMW
4609,Z4,23,BMW
602,Z8,23,BMW
431,B10,24,BMW Alpina
2412,B11,24,BMW Alpina
432,B12,24,BMW Alpina
430,B3,24,BMW Alpina
7792,B3 BiTurbo,24,BMW Alpina
6524,B3 S,24,BMW Alpina
7793,B5 S,24,BMW Alpina
6532,B5 Super Charge,24,BMW Alpina
2433,B6,24,BMW Alpina
7794,B6 S,24,BMW Alpina
6554,B6 Super Charge,24,BMW Alpina
7823,B7,24,BMW Alpina
6553,B7 Super Charge,24,BMW Alpina
1243,BMW Alpina Others,24,BMW Alpina
9225,D3,24,BMW Alpina
60575,D4,24,BMW Alpina
60576,D5,24,BMW Alpina
2443,Roadster,24,BMW Alpina
2448,100 200,26,Audi
51036,8,26,Audi
2455,80 90,26,Audi
9339,A1,26,Audi
50399,A2,26,Audi
418,A3,26,Audi
419,A4,26,Audi
60736,A4 Avant,26,Audi
7777,A5,26,Audi
9919,A5 Cabriolet,26,Audi
421,A6,26,Audi
6669,A6 Allroad Quattro,26,Audi
56620,A6 Hybrid,26,Audi
52942,A7 Sportback,26,Audi
422,A8,26,Audi
57063,A8 Hybrid,26,Audi
50400,Allroad,26,Audi
3408,Allroad Quattro,26,Audi
1245,Audi Others,26,Audi
2496,Cabriolet,26,Audi
2502,Coupe,26,Audi
60921,Q2,26,Audi
53325,Q3,26,Audi
8355,Q5,26,Audi
57064,Q5 Hybrid,26,Audi
6745,Q7,26,Audi
50401,Quattro,26,Audi
7305,R8,26,Audi
60586,RS3 Sedan,26,Audi
59711,RS3 Sportback,26,Audi
6620,RS4,26,Audi
9050,RS5,26,Audi
4616,RS6,26,Audi
58003,RS7 Sportback,26,Audi
59032,S1,26,Audi
3395,S3,26,Audi
420,S4,26,Audi
7824,S5,26,Audi
2484,S6,26,Audi
56268,S7 Sportback,26,Audi
3396,S8,26,Audi
606,TT,26,Audi
7999,TTS,26,Audi
2488,V6,26,Audi
2492,V8,26,Audi
1246,Weekender Others,27,Weekender
50402,Agila,28,Opel
50403,Arena,28,Opel
459,Astra,28,Opel
5573,Astra Wagon,28,Opel
2530,Calibra,28,Opel
50404,Combo,28,Opel
50405,Corsa,28,Opel
50406,Frontera,28,Opel
50407,GT,28,Opel
50408,Insignia,28,Opel
2527,Kadett,28,Opel
5083,Meriva,28,Opel
50409,Movano,28,Opel
462,Omega,28,Opel
1247,Opel Others,28,Opel
4359,Senator,28,Opel
5029,Signum,28,Opel
50410,Sintra,28,Opel
4868,Speedster,28,Opel
50411,Swing,28,Opel
458,Tigra,28,Opel
460,Vectra,28,Opel
4654,Vectra Gts,28,Opel
5097,Vectra Wagon,28,Opel
457,Vita,28,Opel
50412,Vivaro,28,Opel
3213,Zafira,28,Opel
52598,Amarok,29,Volkswagen
4865,Beetle,29,Volkswagen
585,Bora,29,Volkswagen
50413,Cabrio,29,Volkswagen
50414,Caddy,29,Volkswagen
50415,California,29,Volkswagen
50416,Caravelle,29,Volkswagen
56260,CC,29,Volkswagen
50417,Combi,29,Volkswagen
2562,Corrado,29,Volkswagen
54397,Cross Golf,29,Volkswagen
6646,Cross Polo,29,Volkswagen
50418,Crossfox,29,Volkswagen
2588,Delivery Van,29,Volkswagen
50419,Derby,29,Volkswagen
6670,EOS,29,Volkswagen
50420,Eurovan,29,Volkswagen
50421,Fox,29,Volkswagen
50422,Gol,29,Volkswagen
468,Golf,29,Volkswagen
59573,Golf Alltrack,29,Volkswagen
54199,Golf Cabriolet,29,Volkswagen
59640,Golf GTE,29,Volkswagen
50423,Golf GTI,29,Volkswagen
5949,Golf Plus,29,Volkswagen
59455,Golf R Variant,29,Volkswagen
5078,Golf Touran,29,Volkswagen
7254,Golf Variant,29,Volkswagen
5369,Golf Wagon,29,Volkswagen
2580,Jetta,29,Volkswagen
52766,Karmann Ghia,29,Volkswagen
50424,Kombi,29,Volkswagen
50425,Kombi Furgao,29,Volkswagen
3458,Lupo,29,Volkswagen
50426,Multivan,29,Volkswagen
584,New Beetle,29,Volkswagen
9757,New Beetle Cabriolet,29,Volkswagen
50427,Panel,29,Volkswagen
50428,Parati,29,Volkswagen
475,Passat,29,Volkswagen
56044,Passat Alltrack,29,Volkswagen
8112,PASSAT CC,29,Volkswagen
6454,Passat Variant,29,Volkswagen
9754,Passat Wagon,29,Volkswagen
50429,Phaeton,29,Volkswagen
50430,Pointer,29,Volkswagen
467,Polo,29,Volkswagen
50431,Polo Classic,29,Volkswagen
2604,Polo Coupe,29,Volkswagen
50432,Polo Sedan,29,Volkswagen
50433,Quantum,29,Volkswagen
50434,Rabbit,29,Volkswagen
4864,Santana,29,Volkswagen
50435,Saveiro,29,Volkswagen
2586,Scirocco,29,Volkswagen
50436,Sedan,29,Volkswagen
476,Sharan,29,Volkswagen
50437,Spacefox,29,Volkswagen
50438,Sport van,29,Volkswagen
57289,The Beetle Cabriolet,29,Volkswagen
8000,Tiguan,29,Volkswagen
4699,Touareg,29,Volkswagen
50439,Touran,29,Volkswagen
50440,Transporter,29,Volkswagen
56483,up!,29,Volkswagen
50441,Van,29,Volkswagen
2548,Vanagon,29,Volkswagen
2553,Vento,29,Volkswagen
1248,Volkswagen Others,29,Volkswagen
50442,VW Van,29,Volkswagen
465,911,30,Porsche
54180,911 Coupe,30,Porsche
52932,914,30,Porsche
50443,924,30,Porsche
2617,928,30,Porsche
2625,944,30,Porsche
2629,968,30,Porsche
464,Boxster,30,Porsche
50444,Carrera GT,30,Porsche
4869,Cayenne,30,Porsche
6122,Cayman,30,Porsche
58318,Macan,30,Porsche
8466,Panamera,30,Porsche
1249,Porsche Others,30,Porsche
2637,190 Series,31,Mercedes-Benz
434,A-Class,31,Mercedes-Benz
53559,Actros,31,Mercedes-Benz
60618,AMG GLS,31,Mercedes-Benz
59426,AMG GT,31,Mercedes-Benz
6350,B-Class,31,Mercedes-Benz
50445,Cab Chasis,31,Mercedes-Benz
50446,Cabrio,31,Mercedes-Benz
50447,Cargo Van,31,Mercedes-Benz
435,C-Class,31,Mercedes-Benz
59513,CLA Shooting Brake,31,Mercedes-Benz
57747,CLA-CLASS,31,Mercedes-Benz
438,CL-Class,31,Mercedes-Benz
439,CLK-Class,31,Mercedes-Benz
56660,CLS Shooting Brake,31,Mercedes-Benz
5616,Cls-Class,31,Mercedes-Benz
436,E-Class,31,Mercedes-Benz
586,G-Class,31,Mercedes-Benz
58697,GLA-Class,31,Mercedes-Benz
59981,GLC-Class,31,Mercedes-Benz
6750,GL-Class,31,Mercedes-Benz
59773,GLE-CLASS,31,Mercedes-Benz
8135,GLK-Class,31,Mercedes-Benz
60150,GLS-CLASS,31,Mercedes-Benz
443,M-Class,31,Mercedes-Benz
1250,Mercedes-Benz Others,31,Mercedes-Benz
2689,Midium Class,31,Mercedes-Benz
50448,ML Class,31,Mercedes-Benz
6457,R-Class,31,Mercedes-Benz
437,S-Class,31,Mercedes-Benz
440,SL-Class,31,Mercedes-Benz
441,SLK,31,Mercedes-Benz
5491,SLR McLaren,31,Mercedes-Benz
8869,SLS AMG,31,Mercedes-Benz
50449,Smart Brabus,31,Mercedes-Benz
50450,Sprinter,31,Mercedes-Benz
50451,Sprinter 412 Windlauf,31,Mercedes-Benz
50452,Sprinter Van,31,Mercedes-Benz
60725,T Series,31,Mercedes-Benz
5022,Vaneo,31,Mercedes-Benz
442,V-Class,31,Mercedes-Benz
5023,Viano,31,Mercedes-Benz
50453,Vito,31,Mercedes-Benz
50454,Wagon,31,Mercedes-Benz
60397,A-Class,32,AMG
1251,AMG Others,32,AMG
446,C-Class,32,AMG
60399,CLA-Class,32,AMG
3472,CL-Class,32,AMG
448,CLK,32,AMG
60624,CLS-Class,32,AMG
447,E-Class,32,AMG
451,G-Class,32,AMG
60398,GLA-Class,32,AMG
60400,GL-Class,32,AMG
61568,GLE,32,AMG
3229,M-Class,32,AMG
587,S-Class,32,AMG
450,SL,32,AMG
449,SLK,32,AMG
2696,2CV,33,Citroen
2699,AX,33,Citroen
50455,Berlingo,33,Citroen
2706,BX,33,Citroen
50456,C1,33,Citroen
5088,C2,33,Citroen
4545,C3,33,Citroen
5731,C3 Pluriel,33,Citroen
5727,C4,33,Citroen
7119,C4 Picasso,33,Citroen
3452,C5,33,Citroen
6771,C6,33,Citroen
50457,C8,33,Citroen
2740,Chanson,33,Citroen
1252,Citroen Others,33,Citroen
8823,DS3,33,Citroen
52816,DS4,33,Citroen
52817,DS5,33,Citroen
50458,Evasion,33,Citroen
59008,Grand C4 Picasso,33,Citroen
50459,Jumper,33,Citroen
50460,Jumper Furgao,33,Citroen
50461,Jumper Minibus,33,Citroen
51127,Jumpy,33,Citroen
50462,Picasso,33,Citroen
478,Saxo,33,Citroen
50463,Synergie,33,Citroen
480,Xantia,33,Citroen
481,XM,33,Citroen
479,Xsara,33,Citroen
5246,Xsara Picasso,33,Citroen
2722,ZX,33,Citroen
6365,1007,34,Peugeot
483,106,34,Peugeot
50464,107,34,Peugeot
58201,2008,34,Peugeot
2749,205,34,Peugeot
484,206,34,Peugeot
6986,207,34,Peugeot
56406,208,34,Peugeot
8860,3008,34,Peugeot
485,306,34,Peugeot
3568,307,34,Peugeot
7887,308,34,Peugeot
2762,309,34,Peugeot
2767,405,34,Peugeot
486,406,34,Peugeot
5690,407,34,Peugeot
52805,5008,34,Peugeot
2778,505,34,Peugeot
52803,508,34,Peugeot
487,605,34,Peugeot
4111,607,34,Peugeot
50465,806,34,Peugeot
50466,807,34,Peugeot
50467,Boxer,34,Peugeot
50468,Expert,34,Peugeot
50469,Grand Raid,34,Peugeot
50470,Partner,34,Peugeot
1253,Peugoet Others,34,Peugeot
50471,Ranch,34,Peugeot
8904,Rcz,34,Peugeot
50472,18,35,Renault
2790,21,35,Renault
2795,Alpine,35,Renault
4594,Avantime,35,Renault
57407,Captur,35,Renault
2810,Cinq,35,Renault
50473,Clio,35,Renault
50474,Espace,35,Renault
2800,Express,35,Renault
50475,Fuego,35,Renault
50476,Grand Espace,35,Renault
6315,Grand Scenic,35,Renault
61134,Kadjar,35,Renault
4470,Kangoo,35,Renault
50477,Kangoo Express,35,Renault
8366,KOLEOS,35,Renault
493,Laguna,35,Renault
491,Lutecia,35,Renault
50478,Master,35,Renault
50479,Master Minibus,35,Renault
492,Megane,35,Renault
56195,Megane Estate,35,Renault
5158,Megane Touring Wagon,35,Renault
50480,Modus,35,Renault
1254,Renault Others,35,Renault
2804,Safrane,35,Renault
495,Scenic,35,Renault
494,Sport Spider,35,Renault
50481,Trafic,35,Renault
489,Twingo,35,Renault
50482,Vel Satis,35,Renault
53767,Wind,35,Renault
52132,Venturi Others,36,Venturi
1256,Autovianche Others,37,Autobianche
4353,Y10,37,Autobianche
517,145,38,Alfa Romeo
50483,146,38,Alfa Romeo
3567,147,38,Alfa Romeo
2849,155,38,Alfa Romeo
518,156,38,Alfa Romeo
4535,156 Sportwagon,38,Alfa Romeo
6299,159,38,Alfa Romeo
50484,159 Sportwagon,38,Alfa Romeo
2860,164,38,Alfa Romeo
574,166,38,Alfa Romeo
58679,4C,38,Alfa Romeo
59759,4C_SPIDER,38,Alfa Romeo
2871,75,38,Alfa Romeo
8376,8C,38,Alfa Romeo
1257,Alfa Romeo Others,38,Alfa Romeo
6461,Brera,38,Alfa Romeo
50485,Crosswagon,38,Alfa Romeo
52854,Giulia,38,Alfa Romeo
5157,GT,38,Alfa Romeo
520,GTV,38,Alfa Romeo
8327,MiTo,38,Alfa Romeo
519,Spider,38,Alfa Romeo
2886,Spider Veloce,38,Alfa Romeo
3235,Sportwagon,38,Alfa Romeo
51024,500,39,Fiat
9446,500C,39,Fiat
61531,500X,39,Fiat
8328,Abarth 500,39,Fiat
57021,Abarth 595,39,Fiat
52141,Abarth Grande Punto,39,Fiat
9276,Abarth Punto Evo,39,Fiat
504,Barchetta,39,Fiat
2936,BERTONE X1/9,39,Fiat
50486,Brava,39,Fiat
502,Bravissimo,39,Fiat
50487,Bravo,39,Fiat
50488,Cinquecentro,39,Fiat
503,Coupe,39,Fiat
2900,Croma,39,Fiat
50489,Doblo,39,Fiat
50490,Ducato Cargo,39,Fiat
50491,Ducato Furgao,39,Fiat
50492,Ducato Maxi,39,Fiat
50493,Ducato Van,39,Fiat
1258,Fiat Others,39,Fiat
51078,Fiat-Hitachi Others,39,Fiat
50494,Fiorino,39,Fiat
6583,Grande Punto,39,Fiat
50495,Idea,39,Fiat
50496,Marea,39,Fiat
4637,Multipla,39,Fiat
61530,New Multipla,39,Fiat
50497,Palio,39,Fiat
2918,Panda,39,Fiat
50498,Pininfarina,39,Fiat
500,Punto,39,Fiat
8867,Punto Evo,39,Fiat
2940,Regata,39,Fiat
2937,Ritmo,39,Fiat
50499,Scudo,39,Fiat
50500,Sedici,39,Fiat
50501,Seicento,39,Fiat
50502,Siena,39,Fiat
50503,Stilo,39,Fiat
50504,Strada,39,Fiat
2910,Tempra,39,Fiat
2904,Tipo,39,Fiat
50505,Ulysse,39,Fiat
2890,UNO,39,Fiat
50506,Uno Furgao,39,Fiat
2934,X1/9,39,Fiat
50508,308,40,Ferrari
50509,328,40,Ferrari
2943,348,40,Ferrari
2951,355,40,Ferrari
581,360 Modena,40,Ferrari
51027,430 Scuderia,40,Ferrari
2958,456,40,Ferrari
4439,456GT,40,Ferrari
509,456M,40,Ferrari
2965,512,40,Ferrari
4441,512TR,40,Ferrari
510,550 Maranello,40,Ferrari
4491,575M Maranello,40,Ferrari
6759,599,40,Ferrari
5218,612 Scaglietti,40,Ferrari
8427,CALIFORNIA,40,Ferrari
50510,Enzo,40,Ferrari
506,F355,40,Ferrari
4444,F40,40,Ferrari
6094,F430,40,Ferrari
1259,Ferrari Others,40,Ferrari
2982,Mondial,40,Ferrari
4446,Mondial T,40,Ferrari
2976,Testarossa,40,Ferrari
2988,222,41,Maserati
2996,228,41,Maserati
513,3200GT,41,Maserati
3001,430,41,Maserati
4394,Biturbo,41,Maserati
4488,Coupe,41,Maserati
3009,Ghibli,41,Maserati
8809,Gran Cabrio,41,Maserati
5476,Gransport,41,Maserati
6361,Gransport Spyder,41,Maserati
7975,Granturismo,41,Maserati
3005,Karif,41,Maserati
60178,Levante,41,Maserati
1260,Maserati Others,41,Maserati
512,Quattroporte,41,Maserati
3035,Royal,41,Maserati
3021,Shamal,41,Maserati
3834,Spider,41,Maserati
3029,Spider Zagato,41,Maserati
50511,Beta,42,Lancia
4395,Dedra,42,Lancia
3049,Delta,42,Lancia
50512,Gamma,42,Lancia
50513,K,42,Lancia
1261,Lancia Others,42,Lancia
50514,Lybra,42,Lancia
50515,Musa,42,Lancia
50516,Phedra,42,Lancia
3058,Prisma,42,Lancia
3040,Thema,42,Lancia
50517,Thesis,42,Lancia
50518,Y10,42,Lancia
6604,Ypsilon,42,Lancia
50519,Z,42,Lancia
57170,Aventador Roadster,43,Lamborghini
4333,Countach,43,Lamborghini
522,Diablo,43,Lamborghini
5091,Gallardo,43,Lamborghini
50520,Jalpa,43,Lamborghini
1262,Lamborghini Others,43,Lamborghini
4458,Murcielago,43,Lamborghini
3071,900,44,Saab
3082,9000,44,Saab
50521,9-2X,44,Saab
531,9-3,44,Saab
532,9-5,44,Saab
50522,9-7X,44,Saab
1263,Saab Others,44,Saab
50523,140,45,Volvo
50524,164,45,Volvo
3092,240,45,Volvo
50525,260,45,Volvo
50526,340,45,Volvo
3098,360,45,Volvo
50527,440,45,Volvo
50528,460,45,Volvo
50529,480,45,Volvo
3101,740 760,45,Volvo
3106,780,45,Volvo
3110,850,45,Volvo
53563,850 Estate,45,Volvo
3118,940 960,45,Volvo
54224,960,45,Volvo
7205,C30,45,Volvo
528,C70,45,Volvo
3267,Cross Country,45,Volvo
524,S40,45,Volvo
3399,S60,45,Volvo
526,S70,45,Volvo
529,S80,45,Volvo
3135,S90,45,Volvo
525,V40,45,Volvo
5099,V50,45,Volvo
10114,V60,45,Volvo
527,V70,45,Volvo
3144,V90,45,Volvo
1264,Volvo Others,45,Volvo
61386,XC40,45,Volvo
8438,XC60,45,Volvo
4583,XC70,45,Volvo
4681,XC90,45,Volvo
51123,D8,46,Donkervoort
3410,D8 Sport,46,Donkervoort
1265,Donkervoort Others,46,Donkervoort
50530,Amanti,47,Kia Motors
50531,Avella,47,Kia Motors
50532,Besta,47,Kia Motors
50533,Bongo,47,Kia Motors
51059,Borrego,47,Kia Motors
50534,Brisa,47,Kia Motors
50535,Capital,47,Kia Motors
50536,Carens,47,Kia Motors
50537,Carnival,47,Kia Motors
50538,Carstar,47,Kia Motors
50539,Cee'd,47,Kia Motors
50540,Cerato,47,Kia Motors
50542,Clarus,47,Kia Motors
50543,Concord,47,Kia Motors
50541,Credos,47,Kia Motors
50544,Elan,47,Kia Motors
50547,Enterprise,47,Kia Motors
58741,Forte,47,Kia Motors
50548,Grand Carnival,47,Kia Motors
58786,K5,47,Kia Motors
58787,K7,47,Kia Motors
1266,Kia Motors Others,47,Kia Motors
50546,Kia Roadster,47,Kia Motors
50549,Lotze,47,Kia Motors
50550,Magentis,47,Kia Motors
50551,Mentor,47,Kia Motors
51060,Mohave,47,Kia Motors
50552,Morning,47,Kia Motors
50553,Opirus,47,Kia Motors
50554,Optima,47,Kia Motors
50555,Picanto,47,Kia Motors
50556,Potentia,47,Kia Motors
51118,precio,47,Kia Motors
50557,Pregio,47,Kia Motors
51120,PRESIO,47,Kia Motors
50558,Pride,47,Kia Motors
58744,Ray,47,Kia Motors
50559,Retona,47,Kia Motors
50560,Rio,47,Kia Motors
50561,Rocsta,47,Kia Motors
50562,Rondo,47,Kia Motors
50563,Sedona,47,Kia Motors
50564,Sephia,47,Kia Motors
50565,Shuma,47,Kia Motors
50566,Sorento,47,Kia Motors
50567,Spectra,47,Kia Motors
50568,Sportage,47,Kia Motors
50569,Topic,47,Kia Motors
50570,Towner,47,Kia Motors
50545,Vigato,47,Kia Motors
50571,Visto,47,Kia Motors
50572,X-Trek,47,Kia Motors
1267,Birkin Others,48,Birkin
3242,MG Others,49,MG
50573,MGF,49,MG
3148,Montego,49,MG
4709,TF,49,MG
50574,ZR,49,MG
50576,ZS,49,MG
4707,ZT,49,MG
4708,ZT-T,49,MG
3150,Mobirie,50,Winnebago
3296,Winnebago Others,50,Winnebago
3240,Austin Others,51,Austin
4872,Mini,51,Austin
3161,Montego,51,Austin
3163,4/4,52,Morgan
3297,Morgan Others,52,Morgan
3174,Plus4,52,Morgan
3185,Plus8,52,Morgan
3393,340R,53,Lotus
3204,Elan,53,Lotus
3215,Elise,53,Lotus
3196,Esprit,53,Lotus
7933,Europa 225,53,Lotus
6762,Europa S,53,Lotus
8620,Evora,53,Lotus
3394,Exige,53,Lotus
3243,Lotus Others,53,Lotus
3241,Mcc Others,54,MCC
3216,Smart,54,MCC
51124,Arcadia,55,Daewoo
3298,Daewoo Others,55,Daewoo
51117,Damas,55,Daewoo
51063,Espero,55,Daewoo
50700,Gentra,55,Daewoo
50577,Kalos,55,Daewoo
51122,LABO,55,Daewoo
50578,Lacetti,55,Daewoo
50579,Lanos,55,Daewoo
50701,Lasetti,55,Daewoo
50580,Leganza,55,Daewoo
50702,Magnus,55,Daewoo
3226,Matiz,55,Daewoo
50703,New Matiz,55,Daewoo
50581,Nubira,55,Daewoo
50704,Nubira-2,55,Daewoo
50582,Rezzo,55,Daewoo
50705,Statesman,55,Daewoo
50583,Tacuma,55,Daewoo
50706,Tosca,55,Daewoo
50707,Winstorm,55,Daewoo
50584,Accent,56,Hyundai
50585,Amica,56,Hyundai
50586,Atos,56,Hyundai
51116,Atoz,56,Hyundai
50587,Avante,56,Hyundai
50588,Azera,56,Hyundai
50589,Centennial,56,Hyundai
50590,Chorus,56,Hyundai
50591,Click,56,Hyundai
50592,County,56,Hyundai
50593,Coupe,56,Hyundai
50594,Dynasty,56,Hyundai
50595,EF sonata,56,Hyundai
3322,Elantra,56,Hyundai
50596,Entourage,56,Hyundai
50597,Equus,56,Hyundai
50598,Excel,56,Hyundai
50599,Galloper,56,Hyundai
50600,Genesis,56,Hyundai
50601,Getz,56,Hyundai
50602,Grace,56,Hyundai
6323,Grandeur,56,Hyundai
50603,Grandeur TG,56,Hyundai
50604,Grandeur XG,56,Hyundai
50605,H1,56,Hyundai
50606,H100,56,Hyundai
50607,HD1000,56,Hyundai
4464,Hyundai Coupe,56,Hyundai
4934,Hyundai Others,56,Hyundai
7989,i30,56,Hyundai
5298,JM,56,Hyundai
50608,Lavita,56,Hyundai
51121,MARCIA,56,Hyundai
50609,Matrix,56,Hyundai
50610,Mighty,56,Hyundai
50611,NF Sonata,56,Hyundai
50612,Porter,56,Hyundai
3323,Santa Fe,56,Hyundai
50613,Santamo,56,Hyundai
50614,Scoupe,56,Hyundai
5894,Sonata,56,Hyundai
51062,Starex,56,Hyundai
4552,TB,56,Hyundai
50615,Terracan,56,Hyundai
50616,Tiburon,56,Hyundai
3324,Trajet,56,Hyundai
50617,Tucson,56,Hyundai
50618,Tuscani,56,Hyundai
50619,Veracruz,56,Hyundai
50620,Verna,56,Hyundai
3434,XG,56,Hyundai
3386,Hummer H1,57,Am General
50621,Alliance,58,AMC
3387,AMC Others,58,AMC
50622,Concord,58,AMC
50623,Eagle,58,AMC
50624,Encore,58,AMC
4931,Jeep,58,AMC
50625,Premier,58,AMC
50626,Spirit,58,AMC
50627,Acadia,59,GMC
60642,C1500,59,GMC
50628,Caballero,59,GMC
50629,Canyon,59,GMC
50630,Envoy,59,GMC
50631,Envoy XL,59,GMC
50632,Envoy XUV,59,GMC
50633,Forward,59,GMC
3388,GMC Others,59,GMC
50634,Jimmy,59,GMC
50635,Pickup,59,GMC
50636,Rally,59,GMC
4897,Safari,59,GMC
50637,Savana,59,GMC
50638,Sierra,59,GMC
50639,Sonoma,59,GMC
50640,Suburban,59,GMC
50641,Vandura,59,GMC
50642,Yukon,59,GMC
3389,Rainbowstar Others,60,Rainbowstar
61569,Blue Ribbon,61,Hino
51043,Dolphin,61,Hino
3391,Dutro,61,Hino
3390,Hino Others,61,Hino
4859,Liesse,61,Hino
4860,Liesse II,61,Hino
51046,Melpha,61,Hino
51044,Profia,61,Hino
53294,purofia,61,Hino
4858,Rainbow,61,Hino
3392,Ranger,61,Hino
54808,Ranger Pro,61,Hino
56833,SCANIA,61,Hino
60410,S'elega,61,Hino
51045,S'elega R,61,Hino
57060,SuperDolphin,61,Hino
3413,Defender,62,Land Rover
3411,Discovery,62,Land Rover
5697,Discovery 3,62,Land Rover
8495,Discovery 4,62,Land Rover
58983,Discovery Sport,62,Land Rover
3398,Freelander,62,Land Rover
7164,Freelander 2,62,Land Rover
4933,Land Rover Others,62,Land Rover
50643,LR2,62,Land Rover
50644,LR3,62,Land Rover
3412,Range Rover,62,Land Rover
5916,Range Rover Sport,62,Land Rover
61062,Range Rover Velar,62,Land Rover
7873,Range Rover Vogue,62,Land Rover
53014,RangeRover Evoque,62,Land Rover
4493,Panther Others,63,Panther
50645,57,64,Maybach
50646,62,64,Maybach
4548,Maybach Others,64,Maybach
52122,Am General Others,65,Other All
52125,Bugatti_Others,65,Other All
50696,ES,65,Other All
50697,GX 470,65,Other All
52123,Lexus Others,65,Other All
50698,LX,65,Other All
52124,Noble Others,65,Other All
4601,Other All,65,Other All
50699,RX,65,Other All
52126,Saleen Others,65,Other All
60735,Escape,66,Ford Japan
4793,Festiva 5,66,Ford Japan
4796,Festiva Cargo,66,Ford Japan
4791,Ford Japan Others,66,Ford Japan
55477,Freda,66,Ford Japan
4799,J100 Truck,66,Ford Japan
4797,J100 Van,66,Ford Japan
4800,J80 Truck,66,Ford Japan
4798,J80 Van,66,Ford Japan
53958,Laser,66,Ford Japan
4794,Laser Lidea Wagon,66,Ford Japan
4795,Laser Van,66,Ford Japan
4792,Telstar Ii,66,Ford Japan
4935,Europe Ford Others,67,Europe Ford
52130,Ruf Others,68,RUF
4936,Lorenz&lancle Others,69,Lorenz&lancle
4937,Rma Others,70,RMA
4867,Germany Others,71,Germany Others
4877,Carbodies Others,72,Carbodies
4876,Limousine Big Ben,72,Carbodies
4874,Westfield Others,73,Westfield
4873,Caterham Others,74,Caterham
52129,Reliant Others,75,Reliant
4938,Moke Others,76,Moke
4870,Mini,77,Morris
4871,Morris Others,77,Morris
4939,Healey Others,78,Healey
4940,Wolseley Others,79,Wolseley
4941,Riley Others,80,Riley
52128,Marcos Others,81,Marcos
50647,Acclaim,82,Triumph
50648,Dolomite,82,Triumph
50649,Spitfire,82,Triumph
50650,TR7,82,Triumph
50651,TR8,82,Triumph
4879,Triumph Others,82,Triumph
4942,GP Others,83,GP
4881,London Taxi,84,U.K. Others
4880,U.K. Others,84,U.K. Others
4884,Innocenti Others,85,Innocenti
4882,Bertone Others,86,Bertone
4883,Detmaso Others,87,Detomaso
4886,Bugatti Others,88,Bugatti_old
4943,Zagato Others,89,Zagato
4885,Italy Others,90,Italy Others
4930,MVS,91,MVS
4944,Mvs Others,91,MVS
4887,Martin Others,92,Martin
4888,Teilhol Others,93,Teilhol
4889,France Others,94,France Others
4890,Sweden Others,95,Sweden Others
4891,Holland Others,96,Holland Others
4900,Avanti Others,97,Avanti
4901,Vector Others,98,Vector
4946,Van American Others,102,Van American
4904,U.S.A. Others,103,U.S.A. Others
50678,Actyon,104,Ssangyong
50679,Chairman,104,Ssangyong
50680,Istana,104,Ssangyong
50681,Korando,104,Ssangyong
50682,Kyron,104,Ssangyong
50683,Musso,104,Ssangyong
50684,Rexton,104,Ssangyong
50685,Rodius,104,Ssangyong
4908,Ssangyong Others,104,Ssangyong
51061,Stavic,104,Ssangyong
4947,Korea Others,105,Korea Others
52127,Lada Others,106,Lada
50793,Niva,106,Lada
50686,Alhambra,107,SEAT
50687,Altana,107,SEAT
50688,Altea,107,SEAT
50689,Arosa,107,SEAT
50690,Cordoba,107,SEAT
50691,Cordoba Vario,107,SEAT
50692,Ibiza,107,SEAT
50693,Inca,107,SEAT
50694,Leon,107,SEAT
4892,Seat Others,107,SEAT
50695,Toledo,107,SEAT
4893,Spain Others,108,Spain Others
4907,Apal Others,109,Apal
5395,CAT Others,112,CAT
5394,IHI Others,113,IHI
5393,Kato Others,114,Kato
5391,Kobelco Others,115,Kobelco
5390,Komatsu Others,116,Komatsu
5389,Kawasakiindustry Others,117,Kawasaki Industry
5388,Sumitomo Others,118,Sumitomo
5387,Hitachi Others,119,Hitachi
5386,Tcm Others,120,TCM
5385,Nichiyu Others,121,Nichiyu
9340,CT,122,Lexus
51021,ES,122,Lexus
5823,GS,122,Lexus
59808,GS F,122,Lexus
6451,GS Hybrid,122,Lexus
52117,GX,122,Lexus
60715,HS,122,Lexus
8435,HS HYBRID,122,Lexus
5827,IS,122,Lexus
7357,IS F,122,Lexus
60817,LC,122,Lexus
51128,LF-A,122,Lexus
6717,LS,122,Lexus
60717,LSd,122,Lexus
51022,LX,122,Lexus
58819,NX,122,Lexus
55006,Other,122,Lexus
59009,RC,122,Lexus
59010,RC F,122,Lexus
8227,RX,122,Lexus
5824,SC,122,Lexus
61837,UX,122,Lexus
6375,M400,123,Noble
50796,Noble Others,123,Noble
55007,Other,124,Bugatti
6734,Veyron,124,Bugatti
55005,Other,125,Saleen
6764,S281,125,Saleen
6767,S7,125,Saleen
1874,Allante,126,Cadillac
55514,ATS,126,Cadillac
50142,BLS,126,Cadillac
1911,Broughame Sedan,126,Cadillac
50143,Catera,126,Cadillac
50144,Cimarron,126,Cadillac
378,Concours,126,Cadillac
4642,CTS,126,Cadillac
616,Deville,126,Cadillac
6521,DTS,126,Cadillac
1880,Eldorado,126,Cadillac
6150,Escalade,126,Cadillac
1905,Fleetwood,126,Cadillac
1917,Limgine,126,Cadillac
377,Seville,126,Cadillac
5048,SRX,126,Cadillac
5374,STS,126,Cadillac
5060,XLR,126,Cadillac
55516,XTS,126,Cadillac
384,Astro,127,Chevrolet
50145,Avalanche,127,Chevrolet
50146,Aveo,127,Chevrolet
50147,Beretta,127,Chevrolet
383,Blazer,127,Chevrolet
51129,C1500,127,Chevrolet
50148,C20,127,Chevrolet
381,Camaro,127,Chevrolet
1931,Caprice,127,Chevrolet
50149,Captiva,127,Chevrolet
50150,Cavalier,127,Chevrolet
50151,Celebrity,127,Chevrolet
50152,Celta,127,Chevrolet
1951,Chevy,127,Chevrolet
50153,Citation,127,Chevrolet
50154,Classic Sedan,127,Chevrolet
50155,Cobalt,127,Chevrolet
50156,Colorado,127,Chevrolet
50157,Corsa,127,Chevrolet
50158,Corsica,127,Chevrolet
382,Corvette,127,Chevrolet
4109,Cruze,127,Chevrolet
50159,El Camino,127,Chevrolet
50160,Epica,127,Chevrolet
50161,Equinox,127,Chevrolet
50162,Express,127,Chevrolet
50163,Grand AM,127,Chevrolet
50164,Grand Blazer,127,Chevrolet
50165,Grand Prix,127,Chevrolet
7614,HHR,127,Chevrolet
50166,Impala,127,Chevrolet
50167,Ipanema,127,Chevrolet
54459,K1500,127,Chevrolet
50168,Kadett,127,Chevrolet
50169,Kalos,127,Chevrolet
50170,Lacetti,127,Chevrolet
50171,Lumina,127,Chevrolet
50172,LUV,127,Chevrolet
50173,Malibu,127,Chevrolet
50174,Matiz,127,Chevrolet
50175,Meriva,127,Chevrolet
50176,Metro,127,Chevrolet
50177,Montana,127,Chevrolet
50178,Monte Carlo,127,Chevrolet
50179,Monza Chevy,127,Chevrolet
3264,MW,127,Chevrolet
50180,Nova,127,Chevrolet
50181,Nubira,127,Chevrolet
50182,Omega,127,Chevrolet
5578,Optra,127,Chevrolet
52731,Orlando,127,Chevrolet
50183,P-30,127,Chevrolet
50184,Prisma,127,Chevrolet
50185,Prizm,127,Chevrolet
50186,Rezzo,127,Chevrolet
50187,S Blazer,127,Chevrolet
50188,S-10,127,Chevrolet
3325,Silverado,127,Chevrolet
53542,Sonic,127,Chevrolet
50189,Sonota,127,Chevrolet
50190,Space Van,127,Chevrolet
58757,Spark,127,Chevrolet
50191,Spectrum,127,Chevrolet
50192,Sprint,127,Chevrolet
50193,SSR,127,Chevrolet
50194,Suburban,127,Chevrolet
50195,Sunfire,127,Chevrolet
50196,Tacuma,127,Chevrolet
1957,Tahoe,127,Chevrolet
50197,Tavera,127,Chevrolet
50198,Tornado,127,Chevrolet
50199,Tracker,127,Chevrolet
50200,Trafic,127,Chevrolet
3473,Trailblazer,127,Chevrolet
50201,Uplander,127,Chevrolet
50202,Vectra,127,Chevrolet
50203,Venture,127,Chevrolet
50204,Zafira,127,Chevrolet
5461,H2,128,Hummer
5800,H3,128,Hummer
50214,Hummer Others,128,Hummer
50215,Aztek,129,Pontiac
50216,Fiero,129,Pontiac
60412,Firebird,129,Pontiac
50217,G3,129,Pontiac
50218,G4,129,Pontiac
50219,G5,129,Pontiac
50220,G6,129,Pontiac
50221,G8,129,Pontiac
50222,Grand Prix,129,Pontiac
50223,GTO,129,Pontiac
50224,HHR,129,Pontiac
50225,Le Mans,129,Pontiac
50226,Montana,129,Pontiac
50227,Parisienne,129,Pontiac
50228,Phoenix,129,Pontiac
60785,Pontiac Others,129,Pontiac
50229,Pursit,129,Pontiac
50230,Safari,129,Pontiac
50231,Solstice,129,Pontiac
50232,Sunbird,129,Pontiac
50233,Sunfire,129,Pontiac
50234,Torrent,129,Pontiac
50235,Trans Sport,129,Pontiac
50236,Vibe,129,Pontiac
50237,Wave,129,Pontiac
357,Cherokee,130,Jeep
50313,CJ,130,Jeep
50314,Comanche,130,Jeep
6522,Commander,130,Jeep
50315,Compass,130,Jeep
576,Grand Cherokee,130,Jeep
4983,Grand Wagonia,130,Jeep
50316,Jeep Others,130,Jeep
50317,Liberty,130,Jeep
7320,Patriot,130,Jeep
50318,Scrambler,130,Jeep
50319,Wagoneer,130,Jeep
358,Wrangler,130,Jeep
50276,400,131,Dodge
50277,600,131,Dodge
50278,Aries,131,Dodge
50279,Atos,131,Dodge
50280,Attitude,131,Dodge
7239,Avenger,131,Dodge
7083,Caliber,131,Dodge
50281,Caravan,131,Dodge
50282,Challenger,131,Dodge
7240,Charger,131,Dodge
50283,Colt,131,Dodge
50284,Conquest,131,Dodge
50285,Dakota,131,Dodge
50286,Daytona,131,Dodge
50287,Diplomat,131,Dodge
4898,Dodge Others,131,Dodge
50288,Durango,131,Dodge
50289,Dynasty,131,Dodge
50290,Grand Caravan,131,Dodge
50291,H100,131,Dodge
50292,Intrepid,131,Dodge
50293,Lancer,131,Dodge
50294,Magnum,131,Dodge
50295,Mega Cab,131,Dodge
50296,Mirada,131,Dodge
50297,Monaco,131,Dodge
50298,Neon,131,Dodge
7084,Nitro,131,Dodge
50299,Omni,131,Dodge
50300,Quad Cab,131,Dodge
50301,Raider,131,Dodge
50302,RAM,131,Dodge
50303,Ramcharger,131,Dodge
50304,Rampage,131,Dodge
50305,Shadow,131,Dodge
50306,Spirit,131,Dodge
50307,Sprinter,131,Dodge
50308,SRT8,131,Dodge
50309,Stealth,131,Dodge
50310,Stratus,131,Dodge
50311,SX,131,Dodge
50312,Verna,131,Dodge
3418,Viper,131,Dodge
50716,Aviator,132,Lincoln
50717,Blackwood,132,Lincoln
368,Continental,132,Lincoln
50718,Cougar,132,Lincoln
50719,Lincoln Others,132,Lincoln
615,LS,132,Lincoln
50720,Mariner,132,Lincoln
50721,Mark LT,132,Lincoln
2172,Mark VII,132,Lincoln
2177,Mark VIII,132,Lincoln
50722,Milan,132,Lincoln
8041,MKX,132,Lincoln
50723,MKZ,132,Lincoln
50724,Montego,132,Lincoln
50725,Navigator,132,Lincoln
369,Town Car,132,Lincoln
50726,Zephyr,132,Lincoln
50367,Capri,133,Mercury
60786,Cougar,133,Mercury
50368,Grand Marquis,133,Mercury
50369,Lynx,133,Mercury
50370,Marauder,133,Mercury
50371,Mariner,133,Mercury
50372,Marquis,133,Mercury
50373,Milan,133,Mercury
50374,Montego,133,Mercury
50375,Monterey,133,Mercury
50376,Mountaineer,133,Mercury
50377,Mystique,133,Mercury
50378,Topaz,133,Mercury
50379,Tracer,133,Mercury
50380,Villager,133,Mercury
50381,Zephyr,133,Mercury
50745,City,135,Smart
50746,ForFour,135,Smart
50747,ForTwo,135,Smart
9500,ForTwo CP,135,Smart
50748,Roadster,135,Smart
5307,Smart ForFour,135,Smart
50749,Smart Others,135,Smart
51115,ABARTH OTHERS,136,ABARTH
50665,FX,140,Infiniti
50666,G20,140,Infiniti
50667,G35,140,Infiniti
50668,G37,140,Infiniti
50669,I30,140,Infiniti
50670,I35,140,Infiniti
52165,Infiniti Others,140,Infiniti
50671,J30,140,Infiniti
50672,M30,140,Infiniti
50673,M35,140,Infiniti
50674,M45,140,Infiniti
50675,Q45,140,Infiniti
50676,QX4,140,Infiniti
50677,QX56,140,Infiniti
52166,Acura Others,141,Acura
50652,CL,141,Acura
50653,CSX,141,Acura
50654,EL,141,Acura
50655,Integra,141,Acura
50656,Legend,141,Acura
50657,MDX,141,Acura
52164,NSX,141,Acura
50658,RDX,141,Acura
50659,RL,141,Acura
50660,RSX,141,Acura
50661,SLX,141,Acura
50662,TL,141,Acura
50663,TSX,141,Acura
50664,Vigor,141,Acura
50708,Delorean Others,142,Delorean
50709,DMC-12,142,Delorean
50710,Eagle Others,143,Eagle
50711,Medallion,143,Eagle
50712,Premier,143,Eagle
50713,Summit,143,Eagle
50714,Talon,143,Eagle
50715,Vision,143,Eagle
50729,Achieva,145,Oldsmobile
50730,Alero,145,Oldsmobile
50731,Aurora,145,Oldsmobile
50732,Bravada,145,Oldsmobile
50733,Calais,145,Oldsmobile
50734,Ciera,145,Oldsmobile
50735,Cutlass,145,Oldsmobile
50736,Eighty Eight,145,Oldsmobile
50737,Firenza,145,Oldsmobile
50738,Intrigue,145,Oldsmobile
50739,Ninety Eight,145,Oldsmobile
50740,Oldsmobile Others,145,Oldsmobile
50741,Omega,145,Oldsmobile
50742,Regency,145,Oldsmobile
50743,Silhouette,145,Oldsmobile
50744,Toronado,145,Oldsmobile
50750,825,146,Sterling
50751,827,146,Sterling
50752,Sterling Others,146,Sterling
50753,45,147,Yugo
50754,55,147,Yugo
50755,60,147,Yugo
50756,65,147,Yugo
50757,Cabrio,147,Yugo
50758,Ciao,147,Yugo
50759,GV,147,Yugo
50760,GVL,147,Yugo
50761,GVS,147,Yugo
50762,Koral,147,Yugo
50763,Tempo,147,Yugo
50764,Yugo Others,147,Yugo
50765,ABT Others,148,ABT
50766,AC Cobra Others,149,AC Cobra
50767,AC Schnitzer Others,150,AC Schnitzer
50768,Arden Others,151,Arden
50769,Ariel Others,152,Ariel
50770,Ascari Others,153,Ascari
50771,AvtoVAZ Others,154,AvtoVAZ
50772,Bogdan Others,155,Bogdan
50773,Bristol Others,156,Bristol
50774,Ciï½¥ZETA Others,157,Ci ZETA
50775,Daf Others,158,Daf
50776,De Tomazo Others,159,De Tomazo
50777,Edonis Others,160,Edonis
50778,Foden Others,161,Foden
50779,Gaz Others,162,Gaz
50780,Gemballa Others,163,Gemballa
50781,Ginetta Others,164,Ginetta
50782,Invicta Others,165,Invicta
50783,irmscher Others,166,Irmscher
50784,Iso Others,167,Iso
50786,Daily,168,Iveco
50785,Iveco Others,168,Iveco
50787,Jensen Others,169,Jensen
50788,Jonckheere Others,170,Jonckheere
50789,Kamaz Others,171,Kamaz
50790,Karlsson Others,172,Karlsson
50791,Koenig Others,173,Koenig
50792,Koenigsegg Others,174,Koenigsegg
50794,Leyand Trucks Others,175,Leyand Trucks
50795,Man Others,176,MAN
51071,TGL,176,MAN
51070,TGM,176,MAN
51069,TGS,176,MAN
51068,TGX,176,MAN
50797,Oettinger Others,177,Oettinger
50798,Pagani Others,178,Pagani
50847,Kelisa,179,Perodua
50849,Kembara,179,Perodua
50848,Kenari,179,Perodua
50846,MyVi,179,Perodua
50844,Perodua Others,179,Perodua
50850,Rusa,179,Perodua
50845,Viva,179,Perodua
50800,Piaggio Others,180,Piaggio
50801,Renault Trucks Others,181,Renault Trucks
50802,Scania Others,182,Scania
50803,Setra Others,183,Setra
50804,Spyker Cars Others,184,Spyker Cars
50805,Ace,185,Tata
50806,Indica,185,Tata
50807,Indigo,185,Tata
50808,Magic,185,Tata
50809,Novus,185,Tata
50810,Safari,185,Tata
50811,Sumo,185,Tata
50812,Tata Others,185,Tata
50813,Winger,185,Tata
50814,Tatra Others,186,Tatra
50815,Temsa Others,187,Temsa
50816,Troller Others,188,Troller
50817,Uaz Others,189,Uaz
50818,Ural Others,190,Ural
50819,Vangool Others,191,Vangool
50820,Westfield Others,192,Westfield
50821,Wiesmann Others,193,Wiesmann
50822,YES! Others,194,YES!
50823,Zastava Others,195,Zastava
50824,Zil Others,196,Zil
50825,CAMI Automotive Others,197,CAMI Automotive
50826,Dacia Others,198,Dacia
50827,Logan,198,Dacia
50828,Holden Others,199,Holden
50833,100,200,MG Rover
50834,200,200,MG Rover
50830,25,200,MG Rover
50835,400,200,MG Rover
50831,45,200,MG Rover
50836,600,200,MG Rover
50832,75,200,MG Rover
50837,800,200,MG Rover
50838,City Rover,200,MG Rover
50839,MG F,200,MG Rover
50829,MG Rover Others,200,MG Rover
50840,MG SV,200,MG Rover
50841,MG TF,200,MG Rover
50842,Mini,200,MG Rover
50843,RV8,200,MG Rover
50855,Arena,201,Proton
50858,Gen-2,201,Proton
50856,Juara,201,Proton
50854,Perdana,201,Proton
50853,Persona,201,Proton
50857,Proton Others,201,Proton
50852,Saga,201,Proton
50851,Satria Neo,201,Proton
50859,Savvy,201,Proton
50860,Wira,201,Proton
50862,Fabia,202,Skoda
50865,Fericia,202,Skoda
50864,Laura,202,Skoda
50866,Octavia,202,Skoda
50863,Praktik,202,Skoda
50867,Roomster,202,Skoda
50861,Skoda Others,202,Skoda
50868,Superb,202,Skoda
50870,Agila,203,Vauxhall
50871,Astra,203,Vauxhall
50878,Astra van,203,Vauxhall
50879,Combo,203,Vauxhall
50872,Corsa,203,Vauxhall
50873,Frontera,203,Vauxhall
50874,Meriva,203,Vauxhall
50875,Signum,203,Vauxhall
50880,Tigra,203,Vauxhall
50869,Vauxhall Others,203,Vauxhall
50876,Vectra,203,Vauxhall
50881,Vivaro,203,Vauxhall
50877,Zafira,203,Vauxhall
50882,Ambassador,204,Hindustan
50883,Contessa,204,Hindustan
51054,Bolero,205,Mahindra & Mahindra
50885,Jeep,205,Mahindra & Mahindra
50884,Mahindra & Mahindra Others,205,Mahindra & Mahindra
51053,MaXX,205,Mahindra & Mahindra
51052,Pick-Up,205,Mahindra & Mahindra
50886,Scorpio,205,Mahindra & Mahindra
50887,Gypsy,206,Maruti Udyog
50891,Maruti Udyog Others,206,Maruti Udyog
50888,Omni,206,Maruti Udyog
50889,Versa,206,Maruti Udyog
50890,Vitara,206,Maruti Udyog
50893,Agrale Others,207,Agrale
50892,Marrua,207,Agrale
50895,Jindo Others,208,Jindo
50894,SPV,208,Jindo
51119,QM5,209,Renault Samsung
50896,Renault Samsung Others,209,Renault Samsung
50897,SM3,209,Renault Samsung
50898,SM5,209,Renault Samsung
61794,SM6,209,Renault Samsung
50899,SM7,209,Renault Samsung
50900,Beijing Automobile Works Others,210,Beijing Automobile Works (BAW)
50901,Hafei Auto Others,211,Hafei Auto
50902,Guangzhou Automobile Others,212,Guangzhou Automobile
50903,Great Wall Motor Others,213,Great Wall Motor
50906,A5,214,Chery Automobile
50907,Chery,214,Chery Automobile
50904,Chery Automobile Others,214,Chery Automobile
50905,Easter,214,Chery Automobile
50908,Fengyun,214,Chery Automobile
50909,Qiyun,214,Chery Automobile
50910,QQ,214,Chery Automobile
50911,V5,214,Chery Automobile
50925,Aveo,215,Shanghai Automotive
50928,Blazer,215,Shanghai Automotive
50919,Buick Regal,215,Shanghai Automotive
50918,Buick Royaum,215,Shanghai Automotive
50921,Cadillac,215,Shanghai Automotive
50922,Epica,215,Shanghai Automotive
50923,Excelle,215,Shanghai Automotive
50916,Gol,215,Shanghai Automotive
50917,Golf Touran,215,Shanghai Automotive
50920,LaCrosse,215,Shanghai Automotive
50926,Lova,215,Shanghai Automotive
50927,Montana,215,Shanghai Automotive
50913,Passat,215,Shanghai Automotive
50915,Polo,215,Shanghai Automotive
50924,Sail,215,Shanghai Automotive
50914,Santana,215,Shanghai Automotive
50912,Shanghai Automotive Others,215,Shanghai Automotive
50929,Spark,215,Shanghai Automotive
50930,FAW Others,216,FAW (First Automobile Works)
50933,Benben,217,ChangAn Automobile
50931,ChangAn Automobile Others,217,ChangAn Automobile
50932,CM8,217,ChangAn Automobile
50943,Accent,218,DFM (Dongfeng Motor)
50936,Bluebird,218,DFM (Dongfeng Motor)
50942,Carato,218,DFM (Dongfeng Motor)
50945,Carnival,218,DFM (Dongfeng Motor)
50946,Civic,218,DFM (Dongfeng Motor)
50947,CR-V,218,DFM (Dongfeng Motor)
50934,DFM Others,218,DFM (Dongfeng Motor)
50940,Geniss,218,DFM (Dongfeng Motor)
50941,Optima,218,DFM (Dongfeng Motor)
50944,Pride,218,DFM (Dongfeng Motor)
50948,Space Gear,218,DFM (Dongfeng Motor)
50938,Sunny,218,DFM (Dongfeng Motor)
50937,Sylphy,218,DFM (Dongfeng Motor)
50935,Teana,218,DFM (Dongfeng Motor)
50939,Tiida,218,DFM (Dongfeng Motor)
50955,Beauty Leopard,219,Geely Automobile
50957,Biaofeng,219,Geely Automobile
50950,Freedom Ship,219,Geely Automobile
50949,Geely Automobile Others,219,Geely Automobile
50953,Haoqing,219,Geely Automobile
50951,LG-1,219,Geely Automobile
50958,Marindo,219,Geely Automobile
50954,Merrie,219,Geely Automobile
50956,Ulion,219,Geely Automobile
50952,Vision,219,Geely Automobile
50965,Audi A4,220,Faw Car
50964,Audi A6,220,Faw Car
50968,Bora,220,Faw Car
50970,Caddy,220,Faw Car
50971,Charade,220,Faw Car
50979,Corolla,220,Faw Car
50976,Crown,220,Faw Car
50973,Echo,220,Faw Car
50985,Familia,220,Faw Car
50987,Freewind,220,Faw Car
50969,Golf,220,Faw Car
50988,Highland Trooper,220,Faw Car
50967,Jetta,220,Faw Car
50983,Land Cruiser,220,Faw Car
50977,Mark X,220,Faw Car
50959,Others,220,Faw Car
50972,Platz,220,Faw Car
50982,Prado,220,Faw Car
50986,Premacy,220,Faw Car
50984,Prius,220,Faw Car
50966,Sagitar,220,Faw Car
50981,Terios,220,Faw Car
50960,unkown,220,Faw Car
50961,unkown,220,Faw Car
50962,unkown,220,Faw Car
50963,unkown,220,Faw Car
50975,Vela,220,Faw Car
50978,Vios,220,Faw Car
50974,Vitz,220,Faw Car
50980,Xingfu Shizhe,220,Faw Car
50990,C2,221,Dongfeng Peugeot Citroen Automobile
50996,Citroen Elysee,221,Dongfeng Peugeot Citroen Automobile
50997,Citroen Picasso,221,Dongfeng Peugeot Citroen Automobile
50993,Citroen Triomphe,221,Dongfeng Peugeot Citroen Automobile
50992,Citroen Xsara,221,Dongfeng Peugeot Citroen Automobile
50994,Citroen ZX,221,Dongfeng Peugeot Citroen Automobile
50989,Others,221,Dongfeng Peugeot Citroen Automobile
50995,Peugeot 206,221,Dongfeng Peugeot Citroen Automobile
50991,Peugeot 307,221,Dongfeng Peugeot Citroen Automobile
50998,Others,222,Guangzhou Toyota
50999,Others,223,Honda China
51000,Others,224,Beijing Hyundai
51001,Others,225,Bejing Benz
51002,Others,226,Beiqi Foton Motor
51003,Others,227,Nanjing Fiat
51004,Others,228,Nanjing Soyat
51005,Others,229,Geely
51006,Others,230,Geely Shanghai Jeep
51011,Dingo,231,Hafei Automobile
51010,Lobo,231,Hafei Automobile
51007,Others,231,Hafei Automobile
51008,Saibao,231,Hafei Automobile
51009,Tico,231,Hafei Automobile
51012,Others,232,Changhe Suzuki
51013,Others,233,Changhe Automobile
51014,Others,234,Ford China
51015,Others,235,Changan Suzuki
51016,Others,236,Byd Automobile
51017,Others,237,TT Auto
51018,Others,238,Soueast Motor
51019,Others,239,Jinbei Automotive
51020,Others,240,Brilliance Bmw
51067,100,241,SAMIL
51065,20,241,SAMIL
51066,50,241,SAMIL
51064,SAMIL OTHERS,241,SAMIL
51074,MAX 1,242,SAMAG
51075,MAX 2-3-4,242,SAMAG
51073,PICK PE-PF,242,SAMAG
51072,SAMAG OTHERS,242,SAMAG
51076,Caterpillar Others,243,Caterpillar
51077,JCB OTHERS,244,JCB
51079,YANMAR OTHERS,245,YANMAR
51080,TAKEUCHI OTHERS,246,TAKEUCHI
51094,TB016,246,TAKEUCHI
51093,TB108,246,TAKEUCHI
51102,TB1140,246,TAKEUCHI
51095,TB125,246,TAKEUCHI
51097,TB135,246,TAKEUCHI
51103,TB138FR,246,TAKEUCHI
51099,TB145,246,TAKEUCHI
51104,TB153FR,246,TAKEUCHI
51101,TB175,246,TAKEUCHI
51105,TB180FR,246,TAKEUCHI
51096,TB228,246,TAKEUCHI
51098,TB235,246,TAKEUCHI
51100,TB250,246,TAKEUCHI
51081,TL120,246,TAKEUCHI
51082,TL130,246,TAKEUCHI
51083,TL140,246,TAKEUCHI
51084,TL150,246,TAKEUCHI
51085,TL220,246,TAKEUCHI
51086,TL230,246,TAKEUCHI
51087,TL240,246,TAKEUCHI
51088,TL250,246,TAKEUCHI
51089,TW50,246,TAKEUCHI
51090,TW60,246,TAKEUCHI
51091,TW65,246,TAKEUCHI
51092,TW80,246,TAKEUCHI
51106,BOMAG OTHERS,247,BOMAG
51107,MERLO OTHERS,248,MERLO
51108,POTAIN OTHERS,249,POTAIN
51109,Liebherr OTHERS,250,Liebherr
51110,Terex OTHERS,251,Terex
51111,DEMAG OTHERS,252,DEMAG
51112,Haulotte OTHERS,253,Haulotte
51113,TMC OTHERS,254,TMC
51114,PUTZMEISTER OTHERS,255,Putzmeiser
51126,kubota OTHERS,256,Kubota
50126,Allure,325,Buick
50127,Century,325,Buick
50128,Electra,325,Buick
50129,Enclave,325,Buick
50130,Estate,325,Buick
50131,LaCrosse,325,Buick
50132,Lucerne,325,Buick
50133,Rainier,325,Buick
50134,Reatta,325,Buick
60411,Regal,325,Buick
50135,Rendezvous,325,Buick
50136,Riviera,325,Buick
50137,Roadmaster,325,Buick
50138,Skyhawk,325,Buick
50139,Skylark,325,Buick
50140,Somerset,325,Buick
50141,Terraza,325,Buick
52158,Others,335,Tesla Motors
51041,Aero Midi,338,Mitsubishi Fuso
50054,Canter,338,Mitsubishi Fuso
51038,Canter Guts,338,Mitsubishi Fuso
52133,Fighter,338,Mitsubishi Fuso
51042,Fighter Mignon,338,Mitsubishi Fuso
50055,Fuso Others,338,Mitsubishi Fuso
51039,Great,338,Mitsubishi Fuso
55501,Rosa Bus,338,Mitsubishi Fuso
51040,Super Great,338,Mitsubishi Fuso
50056,Truck,338,Mitsubishi Fuso
60147,Kazet,365,UD TRUCKS
55766,GT,599,Artega
61571,New Holland Others,716,New Holland
61552,CASE Others,1415,CASE
61553,Hyster Others,1416,Hyster
61554,John Deere Others,1417,John Deere
61555,Massey Ferguson Others,1418,Massey Ferguson
