MembersID,Checksum,ProcessingType,,,,,,,,,,,,,,,,,,,,,,,,,,,,,,,,,,,,,,,,,,,,,,,,,
3147874,WyA0ZXw7Ves=,Normal,,,,,,,,,,,,,,,,,,,,,,,,,,,,,,,,,,,,,,,,,,,,,,,,,
,,,,,,,,,,,,,,,,,,,,,,,,,,,,,,,,,,,,,,,,,,,,,,,,,,,
CommandType,ItemType,ReferenceNo,Domestic,Overseas,-,Title,YearMonth,Make,Model,GradeTrim,GradeTrimDomestic,Mileage,ModelCode,VINSerialNo,Price,Currency,PriceDomestic,PayTrade,BodyStyle1,BodyStyle2,Steering,Transmission,Door,Displacement,Passengers,FuelType,DriveType,ExteriorColor,InteriorColor,Condition,CheckYearMonth,MechanicalProblem,Options,Comments,CommentsDomestic,ImageFiles,-0.1,-0.2,VehicleWidth,VehicleLength,VehicleHeight,-0.3,-0.4,MileageOption,Staff,Comment,LayingDate,LayingCost,LayingCostCurrency,LayingSupplier,IsPostedOption
Add,Car,8111501800,FALSE,TRUE,,BMW 6 Series (2nd Gen) Coupe 645Ci,2024,BMW,6 Series,,,132531,,WBAEH73414B191201,850,USD,,TRUE,SEDAN,,Left,Automatic,,4398,,,,,,Used,,,,,,<https://image.m-park.co.kr/mpark/AttEdit/CarPhoto/Large/8111501/8111501800R1.jpg><https://image.m-park.co.kr/mpark/AttEdit/CarPhoto/Large/8111501/8111501800R2.jpg><https://image.m-park.co.kr/mpark/AttEdit/CarPhoto/Large/8111501/8111501800R3.jpg><https://image.m-park.co.kr/mpark/AttEdit/CarPhoto/Large/8111501/8111501800R4.jpg><https://image.m-park.co.kr/mpark/AttEdit/CarPhoto/Large/8111501/8111501800R5.jpg><https://image.m-park.co.kr/mpark/AttEdit/CarPhoto/Large/8111501/8111501800R6.jpg><https://image.m-park.co.kr/mpark/AttEdit/CarPhoto/Large/8111501/8111501800R7.jpg><https://image.m-park.co.kr/mpark/AttEdit/CarPhoto/Large/8111501/8111501800R8.jpg><https://image.m-park.co.kr/mpark/AttEdit/CarPhoto/Large/8111501/8111501800R9.jpg><https://image.m-park.co.kr/mpark/AttEdit/CarPhoto/Large/8111501/8111501800R10.jpg><https://image.m-park.co.kr/mpark/AttEdit/CarPhoto/Large/8111501/8111501800R11.jpg><https://image.m-park.co.kr/mpark/AttEdit/CarPhoto/Large/8111501/8111501800R12.jpg><https://image.m-park.co.kr/mpark/AttEdit/CarPhoto/Large/8111501/8111501800R13.jpg><https://image.m-park.co.kr/mpark/AttEdit/CarPhoto/Large/8111501/8111501800R14.jpg><https://image.m-park.co.kr/mpark/AttEdit/CarPhoto/Large/8111501/8111501800R15.jpg><https://image.m-park.co.kr/mpark/AttEdit/CarPhoto/Large/8111501/8111501800R16.jpg><https://image.m-park.co.kr/mpark/AttEdit/CarPhoto/Large/8111501/8111501800R17.jpg><https://image.m-park.co.kr/mpark/AttEdit/CarPhoto/Large/8111501/8111501800R18.jpg><https://image.m-park.co.kr/mpark/AttEdit/CarPhoto/Large/8111501/8111501800R19.jpg><https://image.m-park.co.kr/mpark/AttEdit/CarPhoto/Large/8111501/8111501800R20.jpg>,,,,,,,,,,,,,,,
Add,Car,9041502063,FALSE,TRUE,,BMW 3 Series (5th Gen) 320i,2023,BMW,3 Series,,,143264,,WBAVG710X7A049071,480,USD,,TRUE,SEDAN,,Left,Automatic,,1995,,,,,,Used,,,,,,<https://image.m-park.co.kr/mpark/AttEdit/CarPhoto/Large/9041502/9041502063R1.jpg><https://image.m-park.co.kr/mpark/AttEdit/CarPhoto/Large/9041502/9041502063R2.jpg><https://image.m-park.co.kr/mpark/AttEdit/CarPhoto/Large/9041502/9041502063R3.jpg><https://image.m-park.co.kr/mpark/AttEdit/CarPhoto/Large/9041502/9041502063R4.jpg><https://image.m-park.co.kr/mpark/AttEdit/CarPhoto/Large/9041502/9041502063R5.jpg><https://image.m-park.co.kr/mpark/AttEdit/CarPhoto/Large/9041502/9041502063R6.jpg><https://image.m-park.co.kr/mpark/AttEdit/CarPhoto/Large/9041502/9041502063R7.jpg><https://image.m-park.co.kr/mpark/AttEdit/CarPhoto/Large/9041502/9041502063R8.jpg><https://image.m-park.co.kr/mpark/AttEdit/CarPhoto/Large/9041502/9041502063R9.jpg><https://image.m-park.co.kr/mpark/AttEdit/CarPhoto/Large/9041502/9041502063R10.jpg><https://image.m-park.co.kr/mpark/AttEdit/CarPhoto/Large/9041502/9041502063R11.jpg><https://image.m-park.co.kr/mpark/AttEdit/CarPhoto/Large/9041502/9041502063R12.jpg><https://image.m-park.co.kr/mpark/AttEdit/CarPhoto/Large/9041502/9041502063R13.jpg><https://image.m-park.co.kr/mpark/AttEdit/CarPhoto/Large/9041502/9041502063R14.jpg><https://image.m-park.co.kr/mpark/AttEdit/CarPhoto/Large/9041502/9041502063R15.jpg><https://image.m-park.co.kr/mpark/AttEdit/CarPhoto/Large/9041502/9041502063R16.jpg><https://image.m-park.co.kr/mpark/AttEdit/CarPhoto/Large/9041502/9041502063R17.jpg><https://image.m-park.co.kr/mpark/AttEdit/CarPhoto/Large/9041502/9041502063R18.jpg><https://image.m-park.co.kr/mpark/AttEdit/CarPhoto/Large/9041502/9041502063R19.jpg><https://image.m-park.co.kr/mpark/AttEdit/CarPhoto/Large/9041502/9041502063R20.jpg>,,,,,,,,,,,,,,,
Add,Car,1051501818,FALSE,TRUE,,Hyundai Genesis DH G330,2024,Hyundai,Genesis,,,223690,,KMHGL41DBGU118643,990,USD,,TRUE,SEDAN,,Left,Automatic,,3342,,,,,,Used,,,,,,<https://image.m-park.co.kr/mpark/AttEdit/CarPhoto/Large/1051501/1051501818R1.jpg><https://image.m-park.co.kr/mpark/AttEdit/CarPhoto/Large/1051501/1051501818R2.jpg><https://image.m-park.co.kr/mpark/AttEdit/CarPhoto/Large/1051501/1051501818R3.jpg><https://image.m-park.co.kr/mpark/AttEdit/CarPhoto/Large/1051501/1051501818R4.jpg><https://image.m-park.co.kr/mpark/AttEdit/CarPhoto/Large/1051501/1051501818R5.jpg><https://image.m-park.co.kr/mpark/AttEdit/CarPhoto/Large/1051501/1051501818R6.jpg><https://image.m-park.co.kr/mpark/AttEdit/CarPhoto/Large/1051501/1051501818R7.jpg><https://image.m-park.co.kr/mpark/AttEdit/CarPhoto/Large/1051501/1051501818R8.jpg><https://image.m-park.co.kr/mpark/AttEdit/CarPhoto/Large/1051501/1051501818R9.jpg><https://image.m-park.co.kr/mpark/AttEdit/CarPhoto/Large/1051501/1051501818R10.jpg><https://image.m-park.co.kr/mpark/AttEdit/CarPhoto/Large/1051501/1051501818R11.jpg><https://image.m-park.co.kr/mpark/AttEdit/CarPhoto/Large/1051501/1051501818R12.jpg><https://image.m-park.co.kr/mpark/AttEdit/CarPhoto/Large/1051501/1051501818R13.jpg><https://image.m-park.co.kr/mpark/AttEdit/CarPhoto/Large/1051501/1051501818R14.jpg><https://image.m-park.co.kr/mpark/AttEdit/CarPhoto/Large/1051501/1051501818R15.jpg><https://image.m-park.co.kr/mpark/AttEdit/CarPhoto/Large/1051501/1051501818R16.jpg><https://image.m-park.co.kr/mpark/AttEdit/CarPhoto/Large/1051501/1051501818R17.jpg><https://image.m-park.co.kr/mpark/AttEdit/CarPhoto/Large/1051501/1051501818R18.jpg><https://image.m-park.co.kr/mpark/AttEdit/CarPhoto/Large/1051501/1051501818R19.jpg><https://image.m-park.co.kr/mpark/AttEdit/CarPhoto/Large/1051501/1051501818R20.jpg>,,,,,,,,,,,,,,,
Add,Car,2071500095,FALSE,TRUE,,BMW 5 Series (6th Gen) 528i,2024,BMW,5 Series,,,123923,,WBAFR1106BC571463,980,USD,,TRUE,SEDAN,,Left,Automatic,,1997,,,,,,Used,,,,,,<https://image.m-park.co.kr/mpark/AttEdit/CarPhoto/Large/2071500/2071500095R1.jpg><https://image.m-park.co.kr/mpark/AttEdit/CarPhoto/Large/2071500/2071500095R2.jpg><https://image.m-park.co.kr/mpark/AttEdit/CarPhoto/Large/2071500/2071500095R3.jpg><https://image.m-park.co.kr/mpark/AttEdit/CarPhoto/Large/2071500/2071500095R4.jpg><https://image.m-park.co.kr/mpark/AttEdit/CarPhoto/Large/2071500/2071500095R5.jpg><https://image.m-park.co.kr/mpark/AttEdit/CarPhoto/Large/2071500/2071500095R6.jpg><https://image.m-park.co.kr/mpark/AttEdit/CarPhoto/Large/2071500/2071500095R7.jpg><https://image.m-park.co.kr/mpark/AttEdit/CarPhoto/Large/2071500/2071500095R8.jpg><https://image.m-park.co.kr/mpark/AttEdit/CarPhoto/Large/2071500/2071500095R9.jpg><https://image.m-park.co.kr/mpark/AttEdit/CarPhoto/Large/2071500/2071500095R10.jpg><https://image.m-park.co.kr/mpark/AttEdit/CarPhoto/Large/2071500/2071500095R11.jpg><https://image.m-park.co.kr/mpark/AttEdit/CarPhoto/Large/2071500/2071500095R12.jpg><https://image.m-park.co.kr/mpark/AttEdit/CarPhoto/Large/2071500/2071500095R13.jpg><https://image.m-park.co.kr/mpark/AttEdit/CarPhoto/Large/2071500/2071500095R14.jpg><https://image.m-park.co.kr/mpark/AttEdit/CarPhoto/Large/2071500/2071500095R15.jpg><https://image.m-park.co.kr/mpark/AttEdit/CarPhoto/Large/2071500/2071500095R16.jpg><https://image.m-park.co.kr/mpark/AttEdit/CarPhoto/Large/2071500/2071500095R17.jpg><https://image.m-park.co.kr/mpark/AttEdit/CarPhoto/Large/2071500/2071500095R18.jpg><https://image.m-park.co.kr/mpark/AttEdit/CarPhoto/Large/2071500/2071500095R19.jpg><https://image.m-park.co.kr/mpark/AttEdit/CarPhoto/Large/2071500/2071500095R20.jpg>,,,,,,,,,,,,,,,
Add,Car,2081500757,FALSE,TRUE,,Hyundai Porter II Box Truck,2024,Hyundai,Porter,,,234296,,KMFZSZ7KAHU437547,760,USD,,TRUE,SUV,,Left,Manual,,2497,,,,,,Used,,,,,,<https://image.m-park.co.kr/mpark/AttEdit/CarPhoto/Large/2081500/2081500757R1.jpg><https://image.m-park.co.kr/mpark/AttEdit/CarPhoto/Large/2081500/2081500757R2.jpg><https://image.m-park.co.kr/mpark/AttEdit/CarPhoto/Large/2081500/2081500757R3.jpg><https://image.m-park.co.kr/mpark/AttEdit/CarPhoto/Large/2081500/2081500757R4.jpg><https://image.m-park.co.kr/mpark/AttEdit/CarPhoto/Large/2081500/2081500757R5.jpg><https://image.m-park.co.kr/mpark/AttEdit/CarPhoto/Large/2081500/2081500757R6.jpg><https://image.m-park.co.kr/mpark/AttEdit/CarPhoto/Large/2081500/2081500757R7.jpg><https://image.m-park.co.kr/mpark/AttEdit/CarPhoto/Large/2081500/2081500757R8.jpg><https://image.m-park.co.kr/mpark/AttEdit/CarPhoto/Large/2081500/2081500757R9.jpg><https://image.m-park.co.kr/mpark/AttEdit/CarPhoto/Large/2081500/2081500757R10.jpg><https://image.m-park.co.kr/mpark/AttEdit/CarPhoto/Large/2081500/2081500757R11.jpg><https://image.m-park.co.kr/mpark/AttEdit/CarPhoto/Large/2081500/2081500757R12.jpg><https://image.m-park.co.kr/mpark/AttEdit/CarPhoto/Large/2081500/2081500757R13.jpg><https://image.m-park.co.kr/mpark/AttEdit/CarPhoto/Large/2081500/2081500757R14.jpg><https://image.m-park.co.kr/mpark/AttEdit/CarPhoto/Large/2081500/2081500757R15.jpg><https://image.m-park.co.kr/mpark/AttEdit/CarPhoto/Large/2081500/2081500757R16.jpg><https://image.m-park.co.kr/mpark/AttEdit/CarPhoto/Large/2081500/2081500757R17.jpg>,,,,,,,,,,,,,,,
Add,Car,2101500923,FALSE,TRUE,,Hyundai Genesis DH G380 AWD,2024,Hyundai,Genesis,,,71992,,KMHGR41EDGU147345,2250,USD,,TRUE,SEDAN,,Left,Automatic,,3778,,,,,,Used,,,,,,<https://image.m-park.co.kr/mpark/AttEdit/CarPhoto/Large/2101500/2101500923R1.jpg><https://image.m-park.co.kr/mpark/AttEdit/CarPhoto/Large/2101500/2101500923R2.jpg><https://image.m-park.co.kr/mpark/AttEdit/CarPhoto/Large/2101500/2101500923R3.jpg><https://image.m-park.co.kr/mpark/AttEdit/CarPhoto/Large/2101500/2101500923R4.jpg><https://image.m-park.co.kr/mpark/AttEdit/CarPhoto/Large/2101500/2101500923R5.jpg><https://image.m-park.co.kr/mpark/AttEdit/CarPhoto/Large/2101500/2101500923R6.jpg><https://image.m-park.co.kr/mpark/AttEdit/CarPhoto/Large/2101500/2101500923R7.jpg><https://image.m-park.co.kr/mpark/AttEdit/CarPhoto/Large/2101500/2101500923R8.jpg><https://image.m-park.co.kr/mpark/AttEdit/CarPhoto/Large/2101500/2101500923R9.jpg><https://image.m-park.co.kr/mpark/AttEdit/CarPhoto/Large/2101500/2101500923R10.jpg><https://image.m-park.co.kr/mpark/AttEdit/CarPhoto/Large/2101500/2101500923R11.jpg><https://image.m-park.co.kr/mpark/AttEdit/CarPhoto/Large/2101500/2101500923R12.jpg><https://image.m-park.co.kr/mpark/AttEdit/CarPhoto/Large/2101500/2101500923R13.jpg><https://image.m-park.co.kr/mpark/AttEdit/CarPhoto/Large/2101500/2101500923R14.jpg><https://image.m-park.co.kr/mpark/AttEdit/CarPhoto/Large/2101500/2101500923R15.jpg><https://image.m-park.co.kr/mpark/AttEdit/CarPhoto/Large/2101500/2101500923R16.jpg><https://image.m-park.co.kr/mpark/AttEdit/CarPhoto/Large/2101500/2101500923R17.jpg><https://image.m-park.co.kr/mpark/AttEdit/CarPhoto/Large/2101500/2101500923R18.jpg><https://image.m-park.co.kr/mpark/AttEdit/CarPhoto/Large/2101500/2101500923R19.jpg><https://image.m-park.co.kr/mpark/AttEdit/CarPhoto/Large/2101500/2101500923R20.jpg>,,,,,,,,,,,,,,,
Add,Car,3061501492,FALSE,TRUE,,Hyundai Porter II Live Fish Transport Truck,2024,Hyundai,Porter,,,84716,,KMFZSZ7KBGU246413,830,USD,,TRUE,SUV,,Left,Automatic,,2497,,,,,,Used,,,,,,<https://image.m-park.co.kr/mpark/AttEdit/CarPhoto/Large/3061501/3061501492R1.jpg><https://image.m-park.co.kr/mpark/AttEdit/CarPhoto/Large/3061501/3061501492R2.jpg><https://image.m-park.co.kr/mpark/AttEdit/CarPhoto/Large/3061501/3061501492R3.jpg><https://image.m-park.co.kr/mpark/AttEdit/CarPhoto/Large/3061501/3061501492R4.jpg><https://image.m-park.co.kr/mpark/AttEdit/CarPhoto/Large/3061501/3061501492R5.jpg><https://image.m-park.co.kr/mpark/AttEdit/CarPhoto/Large/3061501/3061501492R6.jpg><https://image.m-park.co.kr/mpark/AttEdit/CarPhoto/Large/3061501/3061501492R7.jpg><https://image.m-park.co.kr/mpark/AttEdit/CarPhoto/Large/3061501/3061501492R8.jpg><https://image.m-park.co.kr/mpark/AttEdit/CarPhoto/Large/3061501/3061501492R9.jpg><https://image.m-park.co.kr/mpark/AttEdit/CarPhoto/Large/3061501/3061501492R10.jpg><https://image.m-park.co.kr/mpark/AttEdit/CarPhoto/Large/3061501/3061501492R11.jpg><https://image.m-park.co.kr/mpark/AttEdit/CarPhoto/Large/3061501/3061501492R12.jpg><https://image.m-park.co.kr/mpark/AttEdit/CarPhoto/Large/3061501/3061501492R13.jpg><https://image.m-park.co.kr/mpark/AttEdit/CarPhoto/Large/3061501/3061501492R14.jpg><https://image.m-park.co.kr/mpark/AttEdit/CarPhoto/Large/3061501/3061501492R15.jpg><https://image.m-park.co.kr/mpark/AttEdit/CarPhoto/Large/3061501/3061501492R16.jpg>,,,,,,,,,,,,,,,
Add,Car,3081500242,FALSE,TRUE,,SsangYong Tivoli Diesel 2WD,2024,SsangYong,SsangYong Others,,,107515,,KPBXH3AP1GP040532,790,USD,,TRUE,SUV,,Left,Automatic,,1597,,,,,,Used,,,,,,<https://image.m-park.co.kr/mpark/AttEdit/CarPhoto/Large/3081500/3081500242R1.jpg><https://image.m-park.co.kr/mpark/AttEdit/CarPhoto/Large/3081500/3081500242R2.jpg><https://image.m-park.co.kr/mpark/AttEdit/CarPhoto/Large/3081500/3081500242R3.jpg><https://image.m-park.co.kr/mpark/AttEdit/CarPhoto/Large/3081500/3081500242R4.jpg><https://image.m-park.co.kr/mpark/AttEdit/CarPhoto/Large/3081500/3081500242R5.jpg><https://image.m-park.co.kr/mpark/AttEdit/CarPhoto/Large/3081500/3081500242R6.jpg><https://image.m-park.co.kr/mpark/AttEdit/CarPhoto/Large/3081500/3081500242R7.jpg><https://image.m-park.co.kr/mpark/AttEdit/CarPhoto/Large/3081500/3081500242R8.jpg><https://image.m-park.co.kr/mpark/AttEdit/CarPhoto/Large/3081500/3081500242R9.jpg><https://image.m-park.co.kr/mpark/AttEdit/CarPhoto/Large/3081500/3081500242R10.jpg><https://image.m-park.co.kr/mpark/AttEdit/CarPhoto/Large/3081500/3081500242R11.jpg><https://image.m-park.co.kr/mpark/AttEdit/CarPhoto/Large/3081500/3081500242R12.jpg><https://image.m-park.co.kr/mpark/AttEdit/CarPhoto/Large/3081500/3081500242R13.jpg><https://image.m-park.co.kr/mpark/AttEdit/CarPhoto/Large/3081500/3081500242R14.jpg><https://image.m-park.co.kr/mpark/AttEdit/CarPhoto/Large/3081500/3081500242R15.jpg><https://image.m-park.co.kr/mpark/AttEdit/CarPhoto/Large/3081500/3081500242R16.jpg><https://image.m-park.co.kr/mpark/AttEdit/CarPhoto/Large/3081500/3081500242R17.jpg><https://image.m-park.co.kr/mpark/AttEdit/CarPhoto/Large/3081500/3081500242R18.jpg><https://image.m-park.co.kr/mpark/AttEdit/CarPhoto/Large/3081500/3081500242R19.jpg><https://image.m-park.co.kr/mpark/AttEdit/CarPhoto/Large/3081500/3081500242R20.jpg>,,,,,,,,,,,,,,,
Add,Car,3091000665,FALSE,TRUE,,Hyundai The All-New G80 Gasoline 2.5 2WD,2024,Hyundai,Hyundai Others,,,37132,,KMTGB41CBMU005102,3990,USD,,TRUE,SEDAN,,Left,Automatic,,2497,,,,,,Used,,,,,,<https://image.m-park.co.kr/mpark/AttEdit/CarPhoto/Large/3091000/3091000665R1.jpg><https://image.m-park.co.kr/mpark/AttEdit/CarPhoto/Large/3091000/3091000665R2.jpg><https://image.m-park.co.kr/mpark/AttEdit/CarPhoto/Large/3091000/3091000665R3.jpg><https://image.m-park.co.kr/mpark/AttEdit/CarPhoto/Large/3091000/3091000665R4.jpg><https://image.m-park.co.kr/mpark/AttEdit/CarPhoto/Large/3091000/3091000665R5.jpg><https://image.m-park.co.kr/mpark/AttEdit/CarPhoto/Large/3091000/3091000665R6.jpg><https://image.m-park.co.kr/mpark/AttEdit/CarPhoto/Large/3091000/3091000665R7.jpg><https://image.m-park.co.kr/mpark/AttEdit/CarPhoto/Large/3091000/3091000665R8.jpg><https://image.m-park.co.kr/mpark/AttEdit/CarPhoto/Large/3091000/3091000665R9.jpg><https://image.m-park.co.kr/mpark/AttEdit/CarPhoto/Large/3091000/3091000665R10.jpg><https://image.m-park.co.kr/mpark/AttEdit/CarPhoto/Large/3091000/3091000665R11.jpg><https://image.m-park.co.kr/mpark/AttEdit/CarPhoto/Large/3091000/3091000665R12.jpg><https://image.m-park.co.kr/mpark/AttEdit/CarPhoto/Large/3091000/3091000665R13.jpg><https://image.m-park.co.kr/mpark/AttEdit/CarPhoto/Large/3091000/3091000665R14.jpg><https://image.m-park.co.kr/mpark/AttEdit/CarPhoto/Large/3091000/3091000665R15.jpg><https://image.m-park.co.kr/mpark/AttEdit/CarPhoto/Large/3091000/3091000665R16.jpg><https://image.m-park.co.kr/mpark/AttEdit/CarPhoto/Large/3091000/3091000665R17.jpg><https://image.m-park.co.kr/mpark/AttEdit/CarPhoto/Large/3091000/3091000665R18.jpg><https://image.m-park.co.kr/mpark/AttEdit/CarPhoto/Large/3091000/3091000665R19.jpg><https://image.m-park.co.kr/mpark/AttEdit/CarPhoto/Large/3091000/3091000665R20.jpg>,,,,,,,,,,,,,,,
Add,Car,3091001531,FALSE,TRUE,,Kia Motors Bongo III Cargo Box Truck,2024,Kia Motors,Bongo,,,59989,,KNFSTZ76BKK375974,1390,USD,,TRUE,SUV,,Left,Automatic,,2497,,,,,,Used,,,,,,<https://image.m-park.co.kr/mpark/AttEdit/CarPhoto/Large/3091001/3091001531R1.jpg><https://image.m-park.co.kr/mpark/AttEdit/CarPhoto/Large/3091001/3091001531R2.jpg><https://image.m-park.co.kr/mpark/AttEdit/CarPhoto/Large/3091001/3091001531R3.jpg><https://image.m-park.co.kr/mpark/AttEdit/CarPhoto/Large/3091001/3091001531R4.jpg><https://image.m-park.co.kr/mpark/AttEdit/CarPhoto/Large/3091001/3091001531R5.jpg><https://image.m-park.co.kr/mpark/AttEdit/CarPhoto/Large/3091001/3091001531R6.jpg><https://image.m-park.co.kr/mpark/AttEdit/CarPhoto/Large/3091001/3091001531R7.jpg><https://image.m-park.co.kr/mpark/AttEdit/CarPhoto/Large/3091001/3091001531R8.jpg><https://image.m-park.co.kr/mpark/AttEdit/CarPhoto/Large/3091001/3091001531R9.jpg><https://image.m-park.co.kr/mpark/AttEdit/CarPhoto/Large/3091001/3091001531R10.jpg><https://image.m-park.co.kr/mpark/AttEdit/CarPhoto/Large/3091001/3091001531R11.jpg><https://image.m-park.co.kr/mpark/AttEdit/CarPhoto/Large/3091001/3091001531R12.jpg><https://image.m-park.co.kr/mpark/AttEdit/CarPhoto/Large/3091001/3091001531R13.jpg><https://image.m-park.co.kr/mpark/AttEdit/CarPhoto/Large/3091001/3091001531R14.jpg><https://image.m-park.co.kr/mpark/AttEdit/CarPhoto/Large/3091001/3091001531R15.jpg><https://image.m-park.co.kr/mpark/AttEdit/CarPhoto/Large/3091001/3091001531R16.jpg><https://image.m-park.co.kr/mpark/AttEdit/CarPhoto/Large/3091001/3091001531R17.jpg>,,,,,,,,,,,,,,,
Add,Car,3101000903,FALSE,TRUE,,Kia Motors The New Bongo III Cargo Courier-Specific Box Truck,2024,Kia Motors,Bongo,,,68895,,KNCSJZ76BLK476856,1260,USD,,TRUE,SUV,,Left,Automatic,,2497,,,,,,Used,,,,,,<https://image.m-park.co.kr/mpark/AttEdit/CarPhoto/Large/3101000/3101000903R1.jpg><https://image.m-park.co.kr/mpark/AttEdit/CarPhoto/Large/3101000/3101000903R2.jpg><https://image.m-park.co.kr/mpark/AttEdit/CarPhoto/Large/3101000/3101000903R3.jpg><https://image.m-park.co.kr/mpark/AttEdit/CarPhoto/Large/3101000/3101000903R4.jpg><https://image.m-park.co.kr/mpark/AttEdit/CarPhoto/Large/3101000/3101000903R5.jpg><https://image.m-park.co.kr/mpark/AttEdit/CarPhoto/Large/3101000/3101000903R6.jpg><https://image.m-park.co.kr/mpark/AttEdit/CarPhoto/Large/3101000/3101000903R7.jpg><https://image.m-park.co.kr/mpark/AttEdit/CarPhoto/Large/3101000/3101000903R8.jpg><https://image.m-park.co.kr/mpark/AttEdit/CarPhoto/Large/3101000/3101000903R9.jpg><https://image.m-park.co.kr/mpark/AttEdit/CarPhoto/Large/3101000/3101000903R10.jpg><https://image.m-park.co.kr/mpark/AttEdit/CarPhoto/Large/3101000/3101000903R11.jpg><https://image.m-park.co.kr/mpark/AttEdit/CarPhoto/Large/3101000/3101000903R12.jpg><https://image.m-park.co.kr/mpark/AttEdit/CarPhoto/Large/3101000/3101000903R13.jpg><https://image.m-park.co.kr/mpark/AttEdit/CarPhoto/Large/3101000/3101000903R14.jpg><https://image.m-park.co.kr/mpark/AttEdit/CarPhoto/Large/3101000/3101000903R15.jpg><https://image.m-park.co.kr/mpark/AttEdit/CarPhoto/Large/3101000/3101000903R16.jpg><https://image.m-park.co.kr/mpark/AttEdit/CarPhoto/Large/3101000/3101000903R17.jpg><https://image.m-park.co.kr/mpark/AttEdit/CarPhoto/Large/3101000/3101000903R18.jpg><https://image.m-park.co.kr/mpark/AttEdit/CarPhoto/Large/3101000/3101000903R19.jpg><https://image.m-park.co.kr/mpark/AttEdit/CarPhoto/Large/3101000/3101000903R20.jpg>,,,,,,,,,,,,,,,
Add,Car,3111500024,FALSE,TRUE,,Daewoo Cruze 4-Door 1.8,2024,Daewoo,Daewoo Others,,,128744,,KLAJA69SDEK618659,340,USD,,TRUE,SEDAN,,Left,Automatic,,1796,,,,,,Used,,,,,,<https://image.m-park.co.kr/mpark/AttEdit/CarPhoto/Large/3111500/3111500024R1.jpg><https://image.m-park.co.kr/mpark/AttEdit/CarPhoto/Large/3111500/3111500024R2.jpg><https://image.m-park.co.kr/mpark/AttEdit/CarPhoto/Large/3111500/3111500024R3.jpg><https://image.m-park.co.kr/mpark/AttEdit/CarPhoto/Large/3111500/3111500024R4.jpg><https://image.m-park.co.kr/mpark/AttEdit/CarPhoto/Large/3111500/3111500024R5.jpg><https://image.m-park.co.kr/mpark/AttEdit/CarPhoto/Large/3111500/3111500024R6.jpg><https://image.m-park.co.kr/mpark/AttEdit/CarPhoto/Large/3111500/3111500024R7.jpg><https://image.m-park.co.kr/mpark/AttEdit/CarPhoto/Large/3111500/3111500024R8.jpg><https://image.m-park.co.kr/mpark/AttEdit/CarPhoto/Large/3111500/3111500024R9.jpg><https://image.m-park.co.kr/mpark/AttEdit/CarPhoto/Large/3111500/3111500024R10.jpg><https://image.m-park.co.kr/mpark/AttEdit/CarPhoto/Large/3111500/3111500024R11.jpg><https://image.m-park.co.kr/mpark/AttEdit/CarPhoto/Large/3111500/3111500024R12.jpg><https://image.m-park.co.kr/mpark/AttEdit/CarPhoto/Large/3111500/3111500024R13.jpg><https://image.m-park.co.kr/mpark/AttEdit/CarPhoto/Large/3111500/3111500024R14.jpg><https://image.m-park.co.kr/mpark/AttEdit/CarPhoto/Large/3111500/3111500024R15.jpg><https://image.m-park.co.kr/mpark/AttEdit/CarPhoto/Large/3111500/3111500024R16.jpg><https://image.m-park.co.kr/mpark/AttEdit/CarPhoto/Large/3111500/3111500024R17.jpg><https://image.m-park.co.kr/mpark/AttEdit/CarPhoto/Large/3111500/3111500024R18.jpg><https://image.m-park.co.kr/mpark/AttEdit/CarPhoto/Large/3111500/3111500024R19.jpg><https://image.m-park.co.kr/mpark/AttEdit/CarPhoto/Large/3111500/3111500024R20.jpg>,,,,,,,,,,,,,,,
Add,Car,3111000054,FALSE,TRUE,,BMW Mini Paceman 2.0 SD,2024,BMW,MINI,,,182239,,WMWRS7102DWC99714,530,USD,,TRUE,SUV,,Left,Automatic,,1995,,,,,,Used,,,,,,<https://image.m-park.co.kr/mpark/AttEdit/CarPhoto/Large/3111000/3111000054R1.jpg><https://image.m-park.co.kr/mpark/AttEdit/CarPhoto/Large/3111000/3111000054R2.jpg><https://image.m-park.co.kr/mpark/AttEdit/CarPhoto/Large/3111000/3111000054R3.jpg><https://image.m-park.co.kr/mpark/AttEdit/CarPhoto/Large/3111000/3111000054R4.jpg><https://image.m-park.co.kr/mpark/AttEdit/CarPhoto/Large/3111000/3111000054R5.jpg><https://image.m-park.co.kr/mpark/AttEdit/CarPhoto/Large/3111000/3111000054R6.jpg><https://image.m-park.co.kr/mpark/AttEdit/CarPhoto/Large/3111000/3111000054R7.jpg><https://image.m-park.co.kr/mpark/AttEdit/CarPhoto/Large/3111000/3111000054R8.jpg><https://image.m-park.co.kr/mpark/AttEdit/CarPhoto/Large/3111000/3111000054R9.jpg><https://image.m-park.co.kr/mpark/AttEdit/CarPhoto/Large/3111000/3111000054R10.jpg><https://image.m-park.co.kr/mpark/AttEdit/CarPhoto/Large/3111000/3111000054R11.jpg><https://image.m-park.co.kr/mpark/AttEdit/CarPhoto/Large/3111000/3111000054R12.jpg><https://image.m-park.co.kr/mpark/AttEdit/CarPhoto/Large/3111000/3111000054R13.jpg><https://image.m-park.co.kr/mpark/AttEdit/CarPhoto/Large/3111000/3111000054R14.jpg><https://image.m-park.co.kr/mpark/AttEdit/CarPhoto/Large/3111000/3111000054R15.jpg><https://image.m-park.co.kr/mpark/AttEdit/CarPhoto/Large/3111000/3111000054R16.jpg><https://image.m-park.co.kr/mpark/AttEdit/CarPhoto/Large/3111000/3111000054R17.jpg><https://image.m-park.co.kr/mpark/AttEdit/CarPhoto/Large/3111000/3111000054R18.jpg>,,,,,,,,,,,,,,,
Add,Car,3111501556,FALSE,TRUE,,Kia Motors The New K7 2.4 GDI,2024,Kia Motors,K7,,,135528,,KNALM415BFA188223,760,USD,,TRUE,SEDAN,,Left,Automatic,,2359,,,,,,Used,,,,,,<https://image.m-park.co.kr/mpark/AttEdit/CarPhoto/Large/3111501/3111501556R1.jpg><https://image.m-park.co.kr/mpark/AttEdit/CarPhoto/Large/3111501/3111501556R2.jpg><https://image.m-park.co.kr/mpark/AttEdit/CarPhoto/Large/3111501/3111501556R3.jpg><https://image.m-park.co.kr/mpark/AttEdit/CarPhoto/Large/3111501/3111501556R4.jpg><https://image.m-park.co.kr/mpark/AttEdit/CarPhoto/Large/3111501/3111501556R5.jpg><https://image.m-park.co.kr/mpark/AttEdit/CarPhoto/Large/3111501/3111501556R6.jpg><https://image.m-park.co.kr/mpark/AttEdit/CarPhoto/Large/3111501/3111501556R7.jpg><https://image.m-park.co.kr/mpark/AttEdit/CarPhoto/Large/3111501/3111501556R8.jpg><https://image.m-park.co.kr/mpark/AttEdit/CarPhoto/Large/3111501/3111501556R9.jpg><https://image.m-park.co.kr/mpark/AttEdit/CarPhoto/Large/3111501/3111501556R10.jpg><https://image.m-park.co.kr/mpark/AttEdit/CarPhoto/Large/3111501/3111501556R11.jpg><https://image.m-park.co.kr/mpark/AttEdit/CarPhoto/Large/3111501/3111501556R12.jpg><https://image.m-park.co.kr/mpark/AttEdit/CarPhoto/Large/3111501/3111501556R13.jpg><https://image.m-park.co.kr/mpark/AttEdit/CarPhoto/Large/3111501/3111501556R14.jpg><https://image.m-park.co.kr/mpark/AttEdit/CarPhoto/Large/3111501/3111501556R15.jpg><https://image.m-park.co.kr/mpark/AttEdit/CarPhoto/Large/3111501/3111501556R16.jpg><https://image.m-park.co.kr/mpark/AttEdit/CarPhoto/Large/3111501/3111501556R17.jpg><https://image.m-park.co.kr/mpark/AttEdit/CarPhoto/Large/3111501/3111501556R18.jpg><https://image.m-park.co.kr/mpark/AttEdit/CarPhoto/Large/3111501/3111501556R19.jpg><https://image.m-park.co.kr/mpark/AttEdit/CarPhoto/Large/3111501/3111501556R20.jpg>,,,,,,,,,,,,,,,
Add,Car,3121500337,FALSE,TRUE,,Hyundai Genesis BH 330,2024,Hyundai,Genesis,,,205389,,KMHGA41BBDU235768,490,USD,,TRUE,SEDAN,,Left,Automatic,,3342,,,,,,Used,,,,,,<https://image.m-park.co.kr/mpark/AttEdit/CarPhoto/Large/3121500/3121500337R1.jpg><https://image.m-park.co.kr/mpark/AttEdit/CarPhoto/Large/3121500/3121500337R2.jpg><https://image.m-park.co.kr/mpark/AttEdit/CarPhoto/Large/3121500/3121500337R3.jpg><https://image.m-park.co.kr/mpark/AttEdit/CarPhoto/Large/3121500/3121500337R4.jpg><https://image.m-park.co.kr/mpark/AttEdit/CarPhoto/Large/3121500/3121500337R5.jpg><https://image.m-park.co.kr/mpark/AttEdit/CarPhoto/Large/3121500/3121500337R6.jpg><https://image.m-park.co.kr/mpark/AttEdit/CarPhoto/Large/3121500/3121500337R7.jpg><https://image.m-park.co.kr/mpark/AttEdit/CarPhoto/Large/3121500/3121500337R8.jpg><https://image.m-park.co.kr/mpark/AttEdit/CarPhoto/Large/3121500/3121500337R9.jpg><https://image.m-park.co.kr/mpark/AttEdit/CarPhoto/Large/3121500/3121500337R10.jpg><https://image.m-park.co.kr/mpark/AttEdit/CarPhoto/Large/3121500/3121500337R11.jpg><https://image.m-park.co.kr/mpark/AttEdit/CarPhoto/Large/3121500/3121500337R12.jpg><https://image.m-park.co.kr/mpark/AttEdit/CarPhoto/Large/3121500/3121500337R13.jpg><https://image.m-park.co.kr/mpark/AttEdit/CarPhoto/Large/3121500/3121500337R14.jpg><https://image.m-park.co.kr/mpark/AttEdit/CarPhoto/Large/3121500/3121500337R15.jpg><https://image.m-park.co.kr/mpark/AttEdit/CarPhoto/Large/3121500/3121500337R16.jpg><https://image.m-park.co.kr/mpark/AttEdit/CarPhoto/Large/3121500/3121500337R17.jpg><https://image.m-park.co.kr/mpark/AttEdit/CarPhoto/Large/3121500/3121500337R18.jpg><https://image.m-park.co.kr/mpark/AttEdit/CarPhoto/Large/3121500/3121500337R19.jpg><https://image.m-park.co.kr/mpark/AttEdit/CarPhoto/Large/3121500/3121500337R20.jpg>,,,,,,,,,,,,,,,
Add,Car,3121000429,FALSE,TRUE,,Kia Motors K8 Hybrid HEV,2024,Kia Motors,Kia Motors Others,,,51647,,KNAM6411BNA003307,3060,USD,,TRUE,SEDAN,,Left,Automatic,,1598,,,,,,Used,,,,,,<https://image.m-park.co.kr/mpark/AttEdit/CarPhoto/Large/3121000/3121000429R1.jpg><https://image.m-park.co.kr/mpark/AttEdit/CarPhoto/Large/3121000/3121000429R2.jpg><https://image.m-park.co.kr/mpark/AttEdit/CarPhoto/Large/3121000/3121000429R3.jpg><https://image.m-park.co.kr/mpark/AttEdit/CarPhoto/Large/3121000/3121000429R4.jpg><https://image.m-park.co.kr/mpark/AttEdit/CarPhoto/Large/3121000/3121000429R5.jpg><https://image.m-park.co.kr/mpark/AttEdit/CarPhoto/Large/3121000/3121000429R6.jpg><https://image.m-park.co.kr/mpark/AttEdit/CarPhoto/Large/3121000/3121000429R7.jpg><https://image.m-park.co.kr/mpark/AttEdit/CarPhoto/Large/3121000/3121000429R8.jpg><https://image.m-park.co.kr/mpark/AttEdit/CarPhoto/Large/3121000/3121000429R9.jpg><https://image.m-park.co.kr/mpark/AttEdit/CarPhoto/Large/3121000/3121000429R10.jpg><https://image.m-park.co.kr/mpark/AttEdit/CarPhoto/Large/3121000/3121000429R11.jpg><https://image.m-park.co.kr/mpark/AttEdit/CarPhoto/Large/3121000/3121000429R12.jpg><https://image.m-park.co.kr/mpark/AttEdit/CarPhoto/Large/3121000/3121000429R13.jpg><https://image.m-park.co.kr/mpark/AttEdit/CarPhoto/Large/3121000/3121000429R14.jpg><https://image.m-park.co.kr/mpark/AttEdit/CarPhoto/Large/3121000/3121000429R15.jpg><https://image.m-park.co.kr/mpark/AttEdit/CarPhoto/Large/3121000/3121000429R16.jpg><https://image.m-park.co.kr/mpark/AttEdit/CarPhoto/Large/3121000/3121000429R17.jpg><https://image.m-park.co.kr/mpark/AttEdit/CarPhoto/Large/3121000/3121000429R18.jpg><https://image.m-park.co.kr/mpark/AttEdit/CarPhoto/Large/3121000/3121000429R19.jpg><https://image.m-park.co.kr/mpark/AttEdit/CarPhoto/Large/3121000/3121000429R20.jpg>,,,,,,,,,,,,,,,
Add,Car,3121501407,FALSE,TRUE,,Kia Motors The New Ray Van,2024,Kia Motors,Ray,,,82469,,KNACF911BKT211196,670,USD,,TRUE,SEDAN,,Left,Automatic,,998,,,,,,Used,,,,,,<https://image.m-park.co.kr/mpark/AttEdit/CarPhoto/Large/3121501/3121501407R1.jpg><https://image.m-park.co.kr/mpark/AttEdit/CarPhoto/Large/3121501/3121501407R2.jpg><https://image.m-park.co.kr/mpark/AttEdit/CarPhoto/Large/3121501/3121501407R3.jpg><https://image.m-park.co.kr/mpark/AttEdit/CarPhoto/Large/3121501/3121501407R4.jpg><https://image.m-park.co.kr/mpark/AttEdit/CarPhoto/Large/3121501/3121501407R5.jpg><https://image.m-park.co.kr/mpark/AttEdit/CarPhoto/Large/3121501/3121501407R6.jpg><https://image.m-park.co.kr/mpark/AttEdit/CarPhoto/Large/3121501/3121501407R7.jpg><https://image.m-park.co.kr/mpark/AttEdit/CarPhoto/Large/3121501/3121501407R8.jpg><https://image.m-park.co.kr/mpark/AttEdit/CarPhoto/Large/3121501/3121501407R9.jpg><https://image.m-park.co.kr/mpark/AttEdit/CarPhoto/Large/3121501/3121501407R10.jpg><https://image.m-park.co.kr/mpark/AttEdit/CarPhoto/Large/3121501/3121501407R11.jpg><https://image.m-park.co.kr/mpark/AttEdit/CarPhoto/Large/3121501/3121501407R12.jpg><https://image.m-park.co.kr/mpark/AttEdit/CarPhoto/Large/3121501/3121501407R13.jpg><https://image.m-park.co.kr/mpark/AttEdit/CarPhoto/Large/3121501/3121501407R14.jpg><https://image.m-park.co.kr/mpark/AttEdit/CarPhoto/Large/3121501/3121501407R15.jpg><https://image.m-park.co.kr/mpark/AttEdit/CarPhoto/Large/3121501/3121501407R16.jpg><https://image.m-park.co.kr/mpark/AttEdit/CarPhoto/Large/3121501/3121501407R17.jpg><https://image.m-park.co.kr/mpark/AttEdit/CarPhoto/Large/3121501/3121501407R18.jpg><https://image.m-park.co.kr/mpark/AttEdit/CarPhoto/Large/3121501/3121501407R19.jpg><https://image.m-park.co.kr/mpark/AttEdit/CarPhoto/Large/3121501/3121501407R20.jpg>,,,,,,,,,,,,,,,
Add,Car,3121501933,FALSE,TRUE,,Volkswagen Arteon 2.0 TDI,2024,Volkswagen,Volkswagen Others,,,37740,,WVWZZZ3HZKE019522,2350,USD,,TRUE,SEDAN,,Left,Automatic,,1968,,,,,,Used,,,,,,<https://image.m-park.co.kr/mpark/AttEdit/CarPhoto/Large/3121501/3121501933R1.jpg><https://image.m-park.co.kr/mpark/AttEdit/CarPhoto/Large/3121501/3121501933R2.jpg><https://image.m-park.co.kr/mpark/AttEdit/CarPhoto/Large/3121501/3121501933R3.jpg><https://image.m-park.co.kr/mpark/AttEdit/CarPhoto/Large/3121501/3121501933R4.jpg><https://image.m-park.co.kr/mpark/AttEdit/CarPhoto/Large/3121501/3121501933R5.jpg><https://image.m-park.co.kr/mpark/AttEdit/CarPhoto/Large/3121501/3121501933R6.jpg><https://image.m-park.co.kr/mpark/AttEdit/CarPhoto/Large/3121501/3121501933R7.jpg><https://image.m-park.co.kr/mpark/AttEdit/CarPhoto/Large/3121501/3121501933R8.jpg><https://image.m-park.co.kr/mpark/AttEdit/CarPhoto/Large/3121501/3121501933R9.jpg><https://image.m-park.co.kr/mpark/AttEdit/CarPhoto/Large/3121501/3121501933R10.jpg><https://image.m-park.co.kr/mpark/AttEdit/CarPhoto/Large/3121501/3121501933R11.jpg><https://image.m-park.co.kr/mpark/AttEdit/CarPhoto/Large/3121501/3121501933R12.jpg><https://image.m-park.co.kr/mpark/AttEdit/CarPhoto/Large/3121501/3121501933R13.jpg><https://image.m-park.co.kr/mpark/AttEdit/CarPhoto/Large/3121501/3121501933R14.jpg><https://image.m-park.co.kr/mpark/AttEdit/CarPhoto/Large/3121501/3121501933R15.jpg><https://image.m-park.co.kr/mpark/AttEdit/CarPhoto/Large/3121501/3121501933R16.jpg><https://image.m-park.co.kr/mpark/AttEdit/CarPhoto/Large/3121501/3121501933R17.jpg><https://image.m-park.co.kr/mpark/AttEdit/CarPhoto/Large/3121501/3121501933R18.jpg><https://image.m-park.co.kr/mpark/AttEdit/CarPhoto/Large/3121501/3121501933R19.jpg><https://image.m-park.co.kr/mpark/AttEdit/CarPhoto/Large/3121501/3121501933R20.jpg>,,,,,,,,,,,,,,,
Add,Car,4011502129,FALSE,TRUE,,Hyundai LF Sonata 2.0 CVVL,2024,Hyundai,Sonata,,,159152,,KMHE341CBFA135650,969,USD,,TRUE,SEDAN,,Left,Automatic,,1999,,,,,,Used,,,,,,<https://image.m-park.co.kr/mpark/AttEdit/CarPhoto/Large/4011502/4011502129R1.jpg><https://image.m-park.co.kr/mpark/AttEdit/CarPhoto/Large/4011502/4011502129R2.jpg><https://image.m-park.co.kr/mpark/AttEdit/CarPhoto/Large/4011502/4011502129R3.jpg><https://image.m-park.co.kr/mpark/AttEdit/CarPhoto/Large/4011502/4011502129R4.jpg><https://image.m-park.co.kr/mpark/AttEdit/CarPhoto/Large/4011502/4011502129R5.jpg><https://image.m-park.co.kr/mpark/AttEdit/CarPhoto/Large/4011502/4011502129R6.jpg><https://image.m-park.co.kr/mpark/AttEdit/CarPhoto/Large/4011502/4011502129R7.jpg><https://image.m-park.co.kr/mpark/AttEdit/CarPhoto/Large/4011502/4011502129R8.jpg><https://image.m-park.co.kr/mpark/AttEdit/CarPhoto/Large/4011502/4011502129R9.jpg><https://image.m-park.co.kr/mpark/AttEdit/CarPhoto/Large/4011502/4011502129R10.jpg><https://image.m-park.co.kr/mpark/AttEdit/CarPhoto/Large/4011502/4011502129R11.jpg><https://image.m-park.co.kr/mpark/AttEdit/CarPhoto/Large/4011502/4011502129R12.jpg><https://image.m-park.co.kr/mpark/AttEdit/CarPhoto/Large/4011502/4011502129R13.jpg><https://image.m-park.co.kr/mpark/AttEdit/CarPhoto/Large/4011502/4011502129R14.jpg><https://image.m-park.co.kr/mpark/AttEdit/CarPhoto/Large/4011502/4011502129R15.jpg><https://image.m-park.co.kr/mpark/AttEdit/CarPhoto/Large/4011502/4011502129R16.jpg><https://image.m-park.co.kr/mpark/AttEdit/CarPhoto/Large/4011502/4011502129R17.jpg><https://image.m-park.co.kr/mpark/AttEdit/CarPhoto/Large/4011502/4011502129R18.jpg><https://image.m-park.co.kr/mpark/AttEdit/CarPhoto/Large/4011502/4011502129R19.jpg><https://image.m-park.co.kr/mpark/AttEdit/CarPhoto/Large/4011502/4011502129R20.jpg>,,,,,,,,,,,,,,,
Add,Car,4021000031,FALSE,TRUE,,Mercedes-Benz CLS-Class (3rd Gen) CLS 450 4MATIC,2024,Mercedes-Benz,Cls-Class,,,65849,,WDD2J5KB3KA040500,4990,USD,,TRUE,SEDAN,,Left,Automatic,,2999,,,,,,Used,,,,,,<https://image.m-park.co.kr/mpark/AttEdit/CarPhoto/Large/4021000/4021000031R1.jpg><https://image.m-park.co.kr/mpark/AttEdit/CarPhoto/Large/4021000/4021000031R2.jpg><https://image.m-park.co.kr/mpark/AttEdit/CarPhoto/Large/4021000/4021000031R3.jpg><https://image.m-park.co.kr/mpark/AttEdit/CarPhoto/Large/4021000/4021000031R4.jpg><https://image.m-park.co.kr/mpark/AttEdit/CarPhoto/Large/4021000/4021000031R5.jpg><https://image.m-park.co.kr/mpark/AttEdit/CarPhoto/Large/4021000/4021000031R6.jpg><https://image.m-park.co.kr/mpark/AttEdit/CarPhoto/Large/4021000/4021000031R7.jpg><https://image.m-park.co.kr/mpark/AttEdit/CarPhoto/Large/4021000/4021000031R8.jpg><https://image.m-park.co.kr/mpark/AttEdit/CarPhoto/Large/4021000/4021000031R9.jpg><https://image.m-park.co.kr/mpark/AttEdit/CarPhoto/Large/4021000/4021000031R10.jpg><https://image.m-park.co.kr/mpark/AttEdit/CarPhoto/Large/4021000/4021000031R11.jpg><https://image.m-park.co.kr/mpark/AttEdit/CarPhoto/Large/4021000/4021000031R12.jpg><https://image.m-park.co.kr/mpark/AttEdit/CarPhoto/Large/4021000/4021000031R13.jpg><https://image.m-park.co.kr/mpark/AttEdit/CarPhoto/Large/4021000/4021000031R14.jpg><https://image.m-park.co.kr/mpark/AttEdit/CarPhoto/Large/4021000/4021000031R15.jpg><https://image.m-park.co.kr/mpark/AttEdit/CarPhoto/Large/4021000/4021000031R16.jpg><https://image.m-park.co.kr/mpark/AttEdit/CarPhoto/Large/4021000/4021000031R17.jpg><https://image.m-park.co.kr/mpark/AttEdit/CarPhoto/Large/4021000/4021000031R18.jpg><https://image.m-park.co.kr/mpark/AttEdit/CarPhoto/Large/4021000/4021000031R19.jpg><https://image.m-park.co.kr/mpark/AttEdit/CarPhoto/Large/4021000/4021000031R20.jpg>,,,,,,,,,,,,,,,
Add,Car,4021002124,FALSE,TRUE,,Hyundai Porter II Refrigerated Truck,2024,Hyundai,Porter,,,122258,,KMFZSZ7KBLU816557,1490,USD,,TRUE,SUV,,Left,Automatic,,2497,,,,,,Used,,,,,,<https://image.m-park.co.kr/mpark/AttEdit/CarPhoto/Large/4021002/4021002124R1.jpg><https://image.m-park.co.kr/mpark/AttEdit/CarPhoto/Large/4021002/4021002124R2.jpg><https://image.m-park.co.kr/mpark/AttEdit/CarPhoto/Large/4021002/4021002124R3.jpg><https://image.m-park.co.kr/mpark/AttEdit/CarPhoto/Large/4021002/4021002124R4.jpg><https://image.m-park.co.kr/mpark/AttEdit/CarPhoto/Large/4021002/4021002124R5.jpg><https://image.m-park.co.kr/mpark/AttEdit/CarPhoto/Large/4021002/4021002124R6.jpg><https://image.m-park.co.kr/mpark/AttEdit/CarPhoto/Large/4021002/4021002124R7.jpg><https://image.m-park.co.kr/mpark/AttEdit/CarPhoto/Large/4021002/4021002124R8.jpg><https://image.m-park.co.kr/mpark/AttEdit/CarPhoto/Large/4021002/4021002124R9.jpg><https://image.m-park.co.kr/mpark/AttEdit/CarPhoto/Large/4021002/4021002124R10.jpg><https://image.m-park.co.kr/mpark/AttEdit/CarPhoto/Large/4021002/4021002124R11.jpg><https://image.m-park.co.kr/mpark/AttEdit/CarPhoto/Large/4021002/4021002124R12.jpg><https://image.m-park.co.kr/mpark/AttEdit/CarPhoto/Large/4021002/4021002124R13.jpg><https://image.m-park.co.kr/mpark/AttEdit/CarPhoto/Large/4021002/4021002124R14.jpg><https://image.m-park.co.kr/mpark/AttEdit/CarPhoto/Large/4021002/4021002124R15.jpg><https://image.m-park.co.kr/mpark/AttEdit/CarPhoto/Large/4021002/4021002124R16.jpg><https://image.m-park.co.kr/mpark/AttEdit/CarPhoto/Large/4021002/4021002124R17.jpg><https://image.m-park.co.kr/mpark/AttEdit/CarPhoto/Large/4021002/4021002124R18.jpg><https://image.m-park.co.kr/mpark/AttEdit/CarPhoto/Large/4021002/4021002124R19.jpg><https://image.m-park.co.kr/mpark/AttEdit/CarPhoto/Large/4021002/4021002124R20.jpg>,,,,,,,,,,,,,,,
Add,Car,4021002305,FALSE,TRUE,,BMW Mini Countryman 2.0 SD,2024,BMW,MINI,,,160974,,WMWZB7108CWN81528,590,USD,,TRUE,SEDAN,,Left,Automatic,,1995,,,,,,Used,,,,,,<https://image.m-park.co.kr/mpark/AttEdit/CarPhoto/Large/4021002/4021002305R1.jpg><https://image.m-park.co.kr/mpark/AttEdit/CarPhoto/Large/4021002/4021002305R2.jpg><https://image.m-park.co.kr/mpark/AttEdit/CarPhoto/Large/4021002/4021002305R3.jpg><https://image.m-park.co.kr/mpark/AttEdit/CarPhoto/Large/4021002/4021002305R4.jpg><https://image.m-park.co.kr/mpark/AttEdit/CarPhoto/Large/4021002/4021002305R5.jpg><https://image.m-park.co.kr/mpark/AttEdit/CarPhoto/Large/4021002/4021002305R6.jpg><https://image.m-park.co.kr/mpark/AttEdit/CarPhoto/Large/4021002/4021002305R7.jpg><https://image.m-park.co.kr/mpark/AttEdit/CarPhoto/Large/4021002/4021002305R8.jpg><https://image.m-park.co.kr/mpark/AttEdit/CarPhoto/Large/4021002/4021002305R9.jpg><https://image.m-park.co.kr/mpark/AttEdit/CarPhoto/Large/4021002/4021002305R10.jpg><https://image.m-park.co.kr/mpark/AttEdit/CarPhoto/Large/4021002/4021002305R11.jpg><https://image.m-park.co.kr/mpark/AttEdit/CarPhoto/Large/4021002/4021002305R12.jpg><https://image.m-park.co.kr/mpark/AttEdit/CarPhoto/Large/4021002/4021002305R13.jpg><https://image.m-park.co.kr/mpark/AttEdit/CarPhoto/Large/4021002/4021002305R14.jpg><https://image.m-park.co.kr/mpark/AttEdit/CarPhoto/Large/4021002/4021002305R15.jpg><https://image.m-park.co.kr/mpark/AttEdit/CarPhoto/Large/4021002/4021002305R16.jpg><https://image.m-park.co.kr/mpark/AttEdit/CarPhoto/Large/4021002/4021002305R17.jpg><https://image.m-park.co.kr/mpark/AttEdit/CarPhoto/Large/4021002/4021002305R18.jpg><https://image.m-park.co.kr/mpark/AttEdit/CarPhoto/Large/4021002/4021002305R19.jpg><https://image.m-park.co.kr/mpark/AttEdit/CarPhoto/Large/4021002/4021002305R20.jpg>,,,,,,,,,,,,,,,
Add,Car,4031500084,FALSE,TRUE,,Mercedes-Benz C-Class (3rd Gen) C220 CDI 4MATIC,2024,Mercedes-Benz,Mercedes-Benz Others,,,108901,,WDDGF8EB1EA920099,990,USD,,TRUE,SEDAN,,Left,Automatic,,2143,,,,,,Used,,,,,,<https://image.m-park.co.kr/mpark/AttEdit/CarPhoto/Large/4031500/4031500084R1.jpg><https://image.m-park.co.kr/mpark/AttEdit/CarPhoto/Large/4031500/4031500084R2.jpg><https://image.m-park.co.kr/mpark/AttEdit/CarPhoto/Large/4031500/4031500084R3.jpg><https://image.m-park.co.kr/mpark/AttEdit/CarPhoto/Large/4031500/4031500084R4.jpg><https://image.m-park.co.kr/mpark/AttEdit/CarPhoto/Large/4031500/4031500084R5.jpg><https://image.m-park.co.kr/mpark/AttEdit/CarPhoto/Large/4031500/4031500084R6.jpg><https://image.m-park.co.kr/mpark/AttEdit/CarPhoto/Large/4031500/4031500084R7.jpg><https://image.m-park.co.kr/mpark/AttEdit/CarPhoto/Large/4031500/4031500084R8.jpg><https://image.m-park.co.kr/mpark/AttEdit/CarPhoto/Large/4031500/4031500084R9.jpg><https://image.m-park.co.kr/mpark/AttEdit/CarPhoto/Large/4031500/4031500084R10.jpg><https://image.m-park.co.kr/mpark/AttEdit/CarPhoto/Large/4031500/4031500084R11.jpg><https://image.m-park.co.kr/mpark/AttEdit/CarPhoto/Large/4031500/4031500084R12.jpg><https://image.m-park.co.kr/mpark/AttEdit/CarPhoto/Large/4031500/4031500084R13.jpg><https://image.m-park.co.kr/mpark/AttEdit/CarPhoto/Large/4031500/4031500084R14.jpg><https://image.m-park.co.kr/mpark/AttEdit/CarPhoto/Large/4031500/4031500084R15.jpg><https://image.m-park.co.kr/mpark/AttEdit/CarPhoto/Large/4031500/4031500084R16.jpg><https://image.m-park.co.kr/mpark/AttEdit/CarPhoto/Large/4031500/4031500084R17.jpg><https://image.m-park.co.kr/mpark/AttEdit/CarPhoto/Large/4031500/4031500084R18.jpg><https://image.m-park.co.kr/mpark/AttEdit/CarPhoto/Large/4031500/4031500084R19.jpg><https://image.m-park.co.kr/mpark/AttEdit/CarPhoto/Large/4031500/4031500084R20.jpg>,,,,,,,,,,,,,,,
Add,Car,4031500173,FALSE,TRUE,,Hyundai Porter II High Box Truck,2024,Hyundai,Porter,,,276422,,KMFZSZ7KBDU987117,450,USD,,TRUE,SUV,,Left,Automatic,,2497,,,,,,Used,,,,,,<https://image.m-park.co.kr/mpark/AttEdit/CarPhoto/Large/4031500/4031500173R1.jpg><https://image.m-park.co.kr/mpark/AttEdit/CarPhoto/Large/4031500/4031500173R2.jpg><https://image.m-park.co.kr/mpark/AttEdit/CarPhoto/Large/4031500/4031500173R3.jpg><https://image.m-park.co.kr/mpark/AttEdit/CarPhoto/Large/4031500/4031500173R4.jpg><https://image.m-park.co.kr/mpark/AttEdit/CarPhoto/Large/4031500/4031500173R5.jpg><https://image.m-park.co.kr/mpark/AttEdit/CarPhoto/Large/4031500/4031500173R6.jpg><https://image.m-park.co.kr/mpark/AttEdit/CarPhoto/Large/4031500/4031500173R7.jpg><https://image.m-park.co.kr/mpark/AttEdit/CarPhoto/Large/4031500/4031500173R8.jpg><https://image.m-park.co.kr/mpark/AttEdit/CarPhoto/Large/4031500/4031500173R9.jpg><https://image.m-park.co.kr/mpark/AttEdit/CarPhoto/Large/4031500/4031500173R10.jpg><https://image.m-park.co.kr/mpark/AttEdit/CarPhoto/Large/4031500/4031500173R11.jpg><https://image.m-park.co.kr/mpark/AttEdit/CarPhoto/Large/4031500/4031500173R12.jpg><https://image.m-park.co.kr/mpark/AttEdit/CarPhoto/Large/4031500/4031500173R13.jpg><https://image.m-park.co.kr/mpark/AttEdit/CarPhoto/Large/4031500/4031500173R14.jpg><https://image.m-park.co.kr/mpark/AttEdit/CarPhoto/Large/4031500/4031500173R15.jpg>,,,,,,,,,,,,,,,
Add,Car,4031501545,FALSE,TRUE,,Hyundai Avante MD M16 GDi,2024,Hyundai,Avante,,,117718,,KMHDG41DBBU048474,480,USD,,TRUE,SEDAN,,Left,Automatic,,1591,,,,,,Used,,,,,,<https://image.m-park.co.kr/mpark/AttEdit/CarPhoto/Large/4031501/4031501545R1.jpg><https://image.m-park.co.kr/mpark/AttEdit/CarPhoto/Large/4031501/4031501545R2.jpg><https://image.m-park.co.kr/mpark/AttEdit/CarPhoto/Large/4031501/4031501545R3.jpg><https://image.m-park.co.kr/mpark/AttEdit/CarPhoto/Large/4031501/4031501545R4.jpg><https://image.m-park.co.kr/mpark/AttEdit/CarPhoto/Large/4031501/4031501545R5.jpg><https://image.m-park.co.kr/mpark/AttEdit/CarPhoto/Large/4031501/4031501545R6.jpg><https://image.m-park.co.kr/mpark/AttEdit/CarPhoto/Large/4031501/4031501545R7.jpg><https://image.m-park.co.kr/mpark/AttEdit/CarPhoto/Large/4031501/4031501545R8.jpg><https://image.m-park.co.kr/mpark/AttEdit/CarPhoto/Large/4031501/4031501545R9.jpg><https://image.m-park.co.kr/mpark/AttEdit/CarPhoto/Large/4031501/4031501545R10.jpg><https://image.m-park.co.kr/mpark/AttEdit/CarPhoto/Large/4031501/4031501545R11.jpg><https://image.m-park.co.kr/mpark/AttEdit/CarPhoto/Large/4031501/4031501545R12.jpg><https://image.m-park.co.kr/mpark/AttEdit/CarPhoto/Large/4031501/4031501545R13.jpg><https://image.m-park.co.kr/mpark/AttEdit/CarPhoto/Large/4031501/4031501545R14.jpg><https://image.m-park.co.kr/mpark/AttEdit/CarPhoto/Large/4031501/4031501545R15.jpg><https://image.m-park.co.kr/mpark/AttEdit/CarPhoto/Large/4031501/4031501545R16.jpg><https://image.m-park.co.kr/mpark/AttEdit/CarPhoto/Large/4031501/4031501545R17.jpg><https://image.m-park.co.kr/mpark/AttEdit/CarPhoto/Large/4031501/4031501545R18.jpg><https://image.m-park.co.kr/mpark/AttEdit/CarPhoto/Large/4031501/4031501545R19.jpg><https://image.m-park.co.kr/mpark/AttEdit/CarPhoto/Large/4031501/4031501545R20.jpg>,,,,,,,,,,,,,,,
Add,Car,4031002047,FALSE,TRUE,,Hyundai The All-New G80 Gasoline 3.5 AWD,2024,Hyundai,Hyundai Others,,,98863,,KMTGC41DDNU137048,3930,USD,,TRUE,SEDAN,,Left,Automatic,,3470,,,,,,Used,,,,,,<https://image.m-park.co.kr/mpark/AttEdit/CarPhoto/Large/4031002/4031002047R1.jpg><https://image.m-park.co.kr/mpark/AttEdit/CarPhoto/Large/4031002/4031002047R2.jpg><https://image.m-park.co.kr/mpark/AttEdit/CarPhoto/Large/4031002/4031002047R3.jpg><https://image.m-park.co.kr/mpark/AttEdit/CarPhoto/Large/4031002/4031002047R4.jpg><https://image.m-park.co.kr/mpark/AttEdit/CarPhoto/Large/4031002/4031002047R5.jpg><https://image.m-park.co.kr/mpark/AttEdit/CarPhoto/Large/4031002/4031002047R6.jpg><https://image.m-park.co.kr/mpark/AttEdit/CarPhoto/Large/4031002/4031002047R7.jpg><https://image.m-park.co.kr/mpark/AttEdit/CarPhoto/Large/4031002/4031002047R8.jpg><https://image.m-park.co.kr/mpark/AttEdit/CarPhoto/Large/4031002/4031002047R9.jpg><https://image.m-park.co.kr/mpark/AttEdit/CarPhoto/Large/4031002/4031002047R10.jpg><https://image.m-park.co.kr/mpark/AttEdit/CarPhoto/Large/4031002/4031002047R11.jpg><https://image.m-park.co.kr/mpark/AttEdit/CarPhoto/Large/4031002/4031002047R12.jpg><https://image.m-park.co.kr/mpark/AttEdit/CarPhoto/Large/4031002/4031002047R13.jpg><https://image.m-park.co.kr/mpark/AttEdit/CarPhoto/Large/4031002/4031002047R14.jpg><https://image.m-park.co.kr/mpark/AttEdit/CarPhoto/Large/4031002/4031002047R15.jpg><https://image.m-park.co.kr/mpark/AttEdit/CarPhoto/Large/4031002/4031002047R16.jpg><https://image.m-park.co.kr/mpark/AttEdit/CarPhoto/Large/4031002/4031002047R17.jpg><https://image.m-park.co.kr/mpark/AttEdit/CarPhoto/Large/4031002/4031002047R18.jpg><https://image.m-park.co.kr/mpark/AttEdit/CarPhoto/Large/4031002/4031002047R19.jpg><https://image.m-park.co.kr/mpark/AttEdit/CarPhoto/Large/4031002/4031002047R20.jpg>,,,,,,,,,,,,,,,
Add,Car,4041000455,FALSE,TRUE,,Hyundai The All-New G80 Gasoline 2.5 AWD,2024,Hyundai,Hyundai Others,,,131075,,KMTGB41CDMU075123,3390,USD,,TRUE,SEDAN,,Left,Automatic,,2497,,,,,,Used,,,,,,<https://image.m-park.co.kr/mpark/AttEdit/CarPhoto/Large/4041000/4041000455R1.jpg><https://image.m-park.co.kr/mpark/AttEdit/CarPhoto/Large/4041000/4041000455R2.jpg><https://image.m-park.co.kr/mpark/AttEdit/CarPhoto/Large/4041000/4041000455R3.jpg><https://image.m-park.co.kr/mpark/AttEdit/CarPhoto/Large/4041000/4041000455R4.jpg><https://image.m-park.co.kr/mpark/AttEdit/CarPhoto/Large/4041000/4041000455R5.jpg><https://image.m-park.co.kr/mpark/AttEdit/CarPhoto/Large/4041000/4041000455R6.jpg><https://image.m-park.co.kr/mpark/AttEdit/CarPhoto/Large/4041000/4041000455R7.jpg><https://image.m-park.co.kr/mpark/AttEdit/CarPhoto/Large/4041000/4041000455R8.jpg><https://image.m-park.co.kr/mpark/AttEdit/CarPhoto/Large/4041000/4041000455R9.jpg><https://image.m-park.co.kr/mpark/AttEdit/CarPhoto/Large/4041000/4041000455R10.jpg><https://image.m-park.co.kr/mpark/AttEdit/CarPhoto/Large/4041000/4041000455R11.jpg><https://image.m-park.co.kr/mpark/AttEdit/CarPhoto/Large/4041000/4041000455R12.jpg><https://image.m-park.co.kr/mpark/AttEdit/CarPhoto/Large/4041000/4041000455R13.jpg><https://image.m-park.co.kr/mpark/AttEdit/CarPhoto/Large/4041000/4041000455R14.jpg><https://image.m-park.co.kr/mpark/AttEdit/CarPhoto/Large/4041000/4041000455R15.jpg><https://image.m-park.co.kr/mpark/AttEdit/CarPhoto/Large/4041000/4041000455R16.jpg><https://image.m-park.co.kr/mpark/AttEdit/CarPhoto/Large/4041000/4041000455R17.jpg><https://image.m-park.co.kr/mpark/AttEdit/CarPhoto/Large/4041000/4041000455R18.jpg><https://image.m-park.co.kr/mpark/AttEdit/CarPhoto/Large/4041000/4041000455R19.jpg>,,,,,,,,,,,,,,,
Add,Car,4041501448,FALSE,TRUE,,Hyundai Avante AD 1.6 GDi,2024,Hyundai,Avante,,,81698,,KMHD841DBGU018560,959,USD,,TRUE,SEDAN,,Left,Automatic,,1591,,,,,,Used,,,,,,<https://image.m-park.co.kr/mpark/AttEdit/CarPhoto/Large/4041501/4041501448R1.jpg><https://image.m-park.co.kr/mpark/AttEdit/CarPhoto/Large/4041501/4041501448R2.jpg><https://image.m-park.co.kr/mpark/AttEdit/CarPhoto/Large/4041501/4041501448R3.jpg><https://image.m-park.co.kr/mpark/AttEdit/CarPhoto/Large/4041501/4041501448R4.jpg><https://image.m-park.co.kr/mpark/AttEdit/CarPhoto/Large/4041501/4041501448R5.jpg><https://image.m-park.co.kr/mpark/AttEdit/CarPhoto/Large/4041501/4041501448R6.jpg><https://image.m-park.co.kr/mpark/AttEdit/CarPhoto/Large/4041501/4041501448R7.jpg><https://image.m-park.co.kr/mpark/AttEdit/CarPhoto/Large/4041501/4041501448R8.jpg><https://image.m-park.co.kr/mpark/AttEdit/CarPhoto/Large/4041501/4041501448R9.jpg><https://image.m-park.co.kr/mpark/AttEdit/CarPhoto/Large/4041501/4041501448R10.jpg><https://image.m-park.co.kr/mpark/AttEdit/CarPhoto/Large/4041501/4041501448R11.jpg><https://image.m-park.co.kr/mpark/AttEdit/CarPhoto/Large/4041501/4041501448R12.jpg><https://image.m-park.co.kr/mpark/AttEdit/CarPhoto/Large/4041501/4041501448R13.jpg><https://image.m-park.co.kr/mpark/AttEdit/CarPhoto/Large/4041501/4041501448R14.jpg><https://image.m-park.co.kr/mpark/AttEdit/CarPhoto/Large/4041501/4041501448R15.jpg><https://image.m-park.co.kr/mpark/AttEdit/CarPhoto/Large/4041501/4041501448R16.jpg><https://image.m-park.co.kr/mpark/AttEdit/CarPhoto/Large/4041501/4041501448R17.jpg><https://image.m-park.co.kr/mpark/AttEdit/CarPhoto/Large/4041501/4041501448R18.jpg>,,,,,,,,,,,,,,,
Add,Car,4041001879,FALSE,TRUE,,Hyundai G90 3.8 AWD,2024,Hyundai,Hyundai Others,,,97632,,KMHG341DDLU079174,4590,USD,,TRUE,SEDAN,,Left,Automatic,,3778,,,,,,Used,,,,,,<https://image.m-park.co.kr/mpark/AttEdit/CarPhoto/Large/4041001/4041001879R1.jpg><https://image.m-park.co.kr/mpark/AttEdit/CarPhoto/Large/4041001/4041001879R2.jpg><https://image.m-park.co.kr/mpark/AttEdit/CarPhoto/Large/4041001/4041001879R3.jpg><https://image.m-park.co.kr/mpark/AttEdit/CarPhoto/Large/4041001/4041001879R4.jpg><https://image.m-park.co.kr/mpark/AttEdit/CarPhoto/Large/4041001/4041001879R5.jpg><https://image.m-park.co.kr/mpark/AttEdit/CarPhoto/Large/4041001/4041001879R6.jpg><https://image.m-park.co.kr/mpark/AttEdit/CarPhoto/Large/4041001/4041001879R7.jpg><https://image.m-park.co.kr/mpark/AttEdit/CarPhoto/Large/4041001/4041001879R8.jpg><https://image.m-park.co.kr/mpark/AttEdit/CarPhoto/Large/4041001/4041001879R9.jpg><https://image.m-park.co.kr/mpark/AttEdit/CarPhoto/Large/4041001/4041001879R10.jpg><https://image.m-park.co.kr/mpark/AttEdit/CarPhoto/Large/4041001/4041001879R11.jpg><https://image.m-park.co.kr/mpark/AttEdit/CarPhoto/Large/4041001/4041001879R12.jpg><https://image.m-park.co.kr/mpark/AttEdit/CarPhoto/Large/4041001/4041001879R13.jpg><https://image.m-park.co.kr/mpark/AttEdit/CarPhoto/Large/4041001/4041001879R14.jpg><https://image.m-park.co.kr/mpark/AttEdit/CarPhoto/Large/4041001/4041001879R15.jpg><https://image.m-park.co.kr/mpark/AttEdit/CarPhoto/Large/4041001/4041001879R16.jpg><https://image.m-park.co.kr/mpark/AttEdit/CarPhoto/Large/4041001/4041001879R17.jpg><https://image.m-park.co.kr/mpark/AttEdit/CarPhoto/Large/4041001/4041001879R18.jpg><https://image.m-park.co.kr/mpark/AttEdit/CarPhoto/Large/4041001/4041001879R19.jpg><https://image.m-park.co.kr/mpark/AttEdit/CarPhoto/Large/4041001/4041001879R20.jpg>,,,,,,,,,,,,,,,
Add,Car,4041002429,FALSE,TRUE,,Kia Motors The New Ray Van,2024,Kia Motors,Ray,,,95008,,KNACF911BKT203250,650,USD,,TRUE,SEDAN,,Left,Automatic,,998,,,,,,Used,,,,,,<https://image.m-park.co.kr/mpark/AttEdit/CarPhoto/Large/4041002/4041002429R1.jpg><https://image.m-park.co.kr/mpark/AttEdit/CarPhoto/Large/4041002/4041002429R2.jpg><https://image.m-park.co.kr/mpark/AttEdit/CarPhoto/Large/4041002/4041002429R3.jpg><https://image.m-park.co.kr/mpark/AttEdit/CarPhoto/Large/4041002/4041002429R4.jpg><https://image.m-park.co.kr/mpark/AttEdit/CarPhoto/Large/4041002/4041002429R5.jpg><https://image.m-park.co.kr/mpark/AttEdit/CarPhoto/Large/4041002/4041002429R6.jpg><https://image.m-park.co.kr/mpark/AttEdit/CarPhoto/Large/4041002/4041002429R7.jpg><https://image.m-park.co.kr/mpark/AttEdit/CarPhoto/Large/4041002/4041002429R8.jpg><https://image.m-park.co.kr/mpark/AttEdit/CarPhoto/Large/4041002/4041002429R9.jpg><https://image.m-park.co.kr/mpark/AttEdit/CarPhoto/Large/4041002/4041002429R10.jpg><https://image.m-park.co.kr/mpark/AttEdit/CarPhoto/Large/4041002/4041002429R11.jpg><https://image.m-park.co.kr/mpark/AttEdit/CarPhoto/Large/4041002/4041002429R12.jpg><https://image.m-park.co.kr/mpark/AttEdit/CarPhoto/Large/4041002/4041002429R13.jpg><https://image.m-park.co.kr/mpark/AttEdit/CarPhoto/Large/4041002/4041002429R14.jpg><https://image.m-park.co.kr/mpark/AttEdit/CarPhoto/Large/4041002/4041002429R15.jpg><https://image.m-park.co.kr/mpark/AttEdit/CarPhoto/Large/4041002/4041002429R16.jpg><https://image.m-park.co.kr/mpark/AttEdit/CarPhoto/Large/4041002/4041002429R17.jpg><https://image.m-park.co.kr/mpark/AttEdit/CarPhoto/Large/4041002/4041002429R18.jpg>,,,,,,,,,,,,,,,
